student_id,attendance_rate,average_grade,backlog_count,lms_logins_per_week,assignment_completion_rate,fee_delay_days,first_generation_group,program_track,dropout
S00001,82.6,65.4,0,9.8,77.2,,Continuing-generation,STEM,0
S00002,,72.2,0,4.5,45.8,4.7,First-generation,STEM,1
S00003,89.3,61.7,2,5.5,34.2,10.7,First-generation,STEM,1
S00004,92.1,60.3,0,10.8,,4.4,First-generation,STEM,0
S00005,48.7,67.3,1,2.9,69.3,3.3,First-generation,Business,1
S00006,58.5,39.1,2,1.4,71.3,,Continuing-generation,STEM,1
S00007,79.9,72.7,0,2.1,91.0,8.8,First-generation,STEM,1
S00008,73.3,66.0,0,1.3,100.0,16.8,Continuing-generation,Business,1
S00009,77.7,66.6,0,8.1,85.6,20.9,Continuing-generation,STEM,1
S00010,65.2,79.5,2,12.7,100.0,6.2,Continuing-generation,Arts,1
S00011,91.2,38.7,2,4.3,85.0,24.2,Continuing-generation,STEM,1
S00012,89.7,38.4,0,6.3,81.4,7.8,Continuing-generation,STEM,1
S00013,79.0,69.8,0,7.4,80.3,13.1,Continuing-generation,Arts,0
S00014,94.9,65.9,1,11.2,52.9,16.8,First-generation,Business,1
S00015,85.0,68.4,4,12.4,93.2,10.9,Continuing-generation,Arts,0
S00016,65.1,59.5,5,0.7,32.0,11.1,First-generation,Business,1
S00017,83.5,75.3,1,,65.4,7.5,Continuing-generation,STEM,1
S00018,,79.1,1,4.0,76.4,3.5,Continuing-generation,Business,0
S00019,91.2,72.8,3,2.3,61.8,17.1,First-generation,STEM,1
S00020,77.3,62.3,4,3.3,67.9,10.2,First-generation,Business,1
S00021,75.2,36.5,1,5.3,100.0,2.7,First-generation,STEM,1
S00022,67.8,76.8,1,5.2,95.9,12.0,First-generation,STEM,1
S00023,96.3,83.1,2,7.3,63.7,6.1,Continuing-generation,STEM,1
S00024,75.7,75.0,0,4.1,67.5,16.3,First-generation,Arts,1
S00025,71.6,53.7,0,,53.0,14.9,Continuing-generation,STEM,1
S00026,72.7,75.4,2,3.1,88.7,8.9,Continuing-generation,Arts,1
S00027,86.0,78.0,1,5.0,71.5,12.5,First-generation,STEM,0
S00028,83.5,87.8,1,7.6,40.6,13.5,First-generation,Business,1
S00029,84.2,53.7,0,6.9,77.8,27.6,Continuing-generation,STEM,1
S00030,84.5,62.8,0,3.7,83.9,12.1,Continuing-generation,Business,1
S00031,,76.5,1,2.4,93.3,7.7,Continuing-generation,Arts,1
S00032,71.9,66.8,1,3.8,74.7,9.8,First-generation,Business,1
S00033,70.3,50.4,0,0.8,69.3,48.0,Continuing-generation,STEM,1
S00034,65.8,71.8,0,2.6,100.0,4.8,Continuing-generation,Business,1
S00035,87.2,74.1,0,8.5,76.1,10.4,First-generation,STEM,0
S00036,94.9,67.2,1,3.8,89.0,10.3,Continuing-generation,Business,0
S00037,76.3,69.1,1,5.1,66.3,10.7,Continuing-generation,Business,1
S00038,65.4,62.4,0,1.3,88.4,3.4,Continuing-generation,STEM,1
S00039,65.6,86.7,0,7.6,49.8,9.7,First-generation,Business,1
S00040,87.8,53.4,0,3.6,67.7,7.3,Continuing-generation,Business,1
S00041,89.1,57.8,2,5.0,54.3,16.2,First-generation,STEM,1
S00042,86.1,66.2,4,5.7,65.1,30.9,Continuing-generation,STEM,1
S00043,68.0,78.3,2,,98.5,17.4,First-generation,STEM,1
S00044,81.5,45.0,1,4.5,65.0,14.0,Continuing-generation,Arts,1
S00045,79.8,47.7,2,3.6,88.9,18.9,Continuing-generation,Business,1
S00046,81.3,37.5,2,1.5,100.0,15.2,Continuing-generation,Business,1
S00047,91.1,66.5,3,1.2,75.5,12.4,Continuing-generation,STEM,1
S00048,81.4,50.3,0,4.4,93.9,26.8,First-generation,STEM,1
S00049,88.2,60.6,1,5.0,85.6,,First-generation,STEM,1
S00050,79.0,75.3,0,5.6,78.1,3.3,Continuing-generation,STEM,0
S00051,82.3,57.0,0,2.1,89.5,7.0,First-generation,STEM,1
S00052,87.5,69.2,0,2.6,100.0,6.1,First-generation,STEM,0
S00053,56.1,61.8,1,4.4,64.5,58.1,Continuing-generation,Business,1
S00054,73.2,75.4,2,2.9,58.7,32.4,First-generation,Business,1
S00055,70.9,72.7,0,16.0,57.7,14.1,First-generation,STEM,1
S00056,,56.3,0,2.6,93.9,6.2,Continuing-generation,Business,1
S00057,73.9,63.6,0,5.2,96.3,26.6,Continuing-generation,STEM,1
S00058,100.0,80.6,0,6.8,66.3,13.7,Continuing-generation,STEM,1
S00059,65.0,71.5,0,,37.6,9.5,First-generation,Arts,1
S00060,92.5,46.4,0,2.8,63.9,13.8,Continuing-generation,Business,1
S00061,52.8,75.2,0,5.7,85.9,9.7,Continuing-generation,STEM,1
S00062,73.0,50.8,3,5.3,74.8,18.7,First-generation,STEM,1
S00063,80.4,85.8,1,5.9,79.2,2.9,Continuing-generation,Business,0
S00064,86.8,80.3,1,4.3,66.6,18.6,Continuing-generation,STEM,0
S00065,88.7,70.1,1,6.8,94.3,9.7,Continuing-generation,Arts,0
S00066,89.9,68.2,1,4.7,82.2,27.1,First-generation,Business,1
S00067,72.8,63.1,3,1.4,86.6,33.0,Continuing-generation,STEM,1
S00068,71.1,,1,4.6,78.9,38.7,First-generation,Business,0
S00069,90.9,60.8,2,5.0,85.4,61.3,First-generation,Business,1
S00070,75.1,69.3,0,6.5,84.3,37.6,First-generation,Business,0
S00071,,78.2,2,4.4,59.3,26.4,Continuing-generation,Arts,1
S00072,61.0,58.1,1,11.4,82.7,3.5,First-generation,Arts,1
S00073,64.2,57.4,1,3.7,90.2,0.4,Continuing-generation,STEM,1
S00074,85.5,49.3,1,2.7,96.8,29.3,Continuing-generation,STEM,1
S00075,80.1,51.1,0,9.2,83.5,5.1,First-generation,STEM,0
S00076,88.4,40.4,1,3.6,58.6,94.0,Continuing-generation,Business,1
S00077,71.6,76.2,2,4.1,61.4,2.0,Continuing-generation,Business,1
S00078,80.4,91.3,2,5.0,68.2,25.5,First-generation,STEM,0
S00079,,86.0,2,,79.4,15.1,Continuing-generation,Arts,1
S00080,73.4,43.2,0,5.9,73.8,,Continuing-generation,STEM,1
S00081,84.9,76.1,1,6.3,55.8,15.1,Continuing-generation,Arts,1
S00082,68.1,85.9,0,2.5,55.7,5.9,Continuing-generation,Arts,1
S00083,72.6,59.6,1,1.6,38.2,11.7,Continuing-generation,STEM,1
S00084,72.3,,0,1.8,19.8,11.9,Continuing-generation,STEM,1
S00085,60.1,37.9,1,8.6,73.6,6.0,First-generation,STEM,1
S00086,,,1,3.4,100.0,8.9,First-generation,Arts,1
S00087,71.0,51.1,1,6.8,100.0,5.4,Continuing-generation,STEM,1
S00088,78.2,68.8,1,6.4,58.4,1.2,First-generation,Arts,1
S00089,85.2,44.1,1,4.1,78.7,13.9,First-generation,Business,1
S00090,84.7,73.6,1,2.1,49.6,37.5,First-generation,Business,1
S00091,88.0,80.3,1,6.5,52.4,5.7,Continuing-generation,Arts,1
S00092,76.5,55.0,1,4.0,54.4,52.7,Continuing-generation,Business,1
S00093,71.7,50.1,0,1.5,71.9,61.1,First-generation,Business,1
S00094,76.8,,0,,72.7,8.1,First-generation,Business,1
S00095,52.7,62.3,2,1.1,80.5,10.2,First-generation,STEM,1
S00096,,57.9,1,3.0,87.9,8.3,First-generation,STEM,1
S00097,58.2,44.3,1,4.3,69.9,3.6,Continuing-generation,STEM,1
S00098,63.0,72.3,2,3.8,76.7,10.3,First-generation,Business,1
S00099,84.0,59.7,1,3.4,56.3,9.2,Continuing-generation,STEM,0
S00100,64.4,50.9,3,4.3,51.8,13.7,First-generation,Business,1
S00101,72.3,58.2,0,5.6,49.0,14.4,First-generation,STEM,1
S00102,97.5,81.0,1,7.1,87.7,3.2,Continuing-generation,Business,0
S00103,72.7,74.4,2,7.7,69.9,21.4,First-generation,Arts,0
S00104,89.1,64.2,0,2.3,42.3,10.2,First-generation,Business,1
S00105,64.0,,1,8.2,74.9,4.1,First-generation,Arts,1
S00106,74.9,49.7,0,4.1,53.5,9.9,Continuing-generation,STEM,1
S00107,63.7,66.5,0,3.2,100.0,14.9,First-generation,STEM,1
S00108,72.9,68.1,2,1.8,65.6,43.1,Continuing-generation,Business,1
S00109,90.6,59.4,1,0.3,88.3,37.8,Continuing-generation,STEM,0
S00110,52.1,72.1,3,5.4,95.6,7.5,Continuing-generation,Business,1
S00111,84.5,55.1,1,5.3,58.8,10.8,Continuing-generation,Arts,1
S00112,81.6,73.1,1,2.7,77.4,5.2,Continuing-generation,STEM,0
S00113,,73.7,1,,86.0,17.2,Continuing-generation,Arts,1
S00114,56.3,25.2,1,3.7,78.1,7.9,Continuing-generation,STEM,1
S00115,79.1,82.7,1,3.1,82.5,,Continuing-generation,Business,1
S00116,70.1,23.3,0,2.2,52.1,30.2,Continuing-generation,STEM,1
S00117,81.5,57.4,1,1.7,86.0,3.2,First-generation,Business,1
S00118,78.3,80.4,1,,67.2,37.9,Continuing-generation,STEM,0
S00119,100.0,61.6,1,2.9,82.3,18.7,First-generation,Arts,1
S00120,74.4,45.5,1,5.2,92.6,36.5,Continuing-generation,Arts,1
S00121,62.6,50.7,2,,88.0,24.3,First-generation,Business,1
S00122,80.7,80.4,1,5.4,82.3,28.0,First-generation,Business,1
S00123,81.3,39.1,1,6.1,87.6,13.1,First-generation,Business,1
S00124,98.4,81.8,0,5.4,88.4,4.0,First-generation,Business,1
S00125,90.5,65.2,1,2.5,100.0,6.9,First-generation,Business,1
S00126,83.4,49.3,0,3.3,75.4,5.5,First-generation,Business,1
S00127,99.9,57.8,0,8.1,79.0,0.8,Continuing-generation,Arts,0
S00128,60.2,51.8,0,2.8,92.8,30.1,Continuing-generation,Business,1
S00129,68.4,78.1,0,4.1,67.2,11.8,Continuing-generation,STEM,1
S00130,64.1,76.3,1,5.7,52.0,5.0,Continuing-generation,Arts,0
S00131,72.2,41.9,1,,84.9,59.3,First-generation,STEM,1
S00132,57.3,,0,7.7,72.3,79.2,Continuing-generation,STEM,1
S00133,87.5,53.9,1,2.0,54.3,2.7,Continuing-generation,Arts,1
S00134,74.7,84.1,3,5.1,85.0,10.3,First-generation,STEM,1
S00135,55.9,47.1,0,4.7,100.0,,Continuing-generation,STEM,1
S00136,,88.5,3,3.3,46.7,4.6,Continuing-generation,Business,1
S00137,82.7,65.5,1,4.1,94.4,29.6,Continuing-generation,Arts,1
S00138,90.6,49.7,0,2.5,30.3,0.8,First-generation,STEM,1
S00139,100.0,56.5,1,3.6,68.8,48.2,Continuing-generation,Business,1
S00140,100.0,54.8,0,2.8,100.0,13.6,First-generation,STEM,1
S00141,84.2,48.2,0,4.4,70.1,55.6,Continuing-generation,Business,1
S00142,63.2,67.3,1,3.2,77.6,12.6,Continuing-generation,STEM,1
S00143,46.0,,1,10.5,89.7,9.6,First-generation,STEM,1
S00144,82.0,35.5,1,4.5,45.1,31.5,Continuing-generation,Arts,1
S00145,65.8,60.7,1,3.9,77.3,55.4,Continuing-generation,Business,1
S00146,71.8,40.8,0,3.5,77.2,48.7,Continuing-generation,Arts,1
S00147,68.8,,0,3.2,100.0,1.5,First-generation,Arts,1
S00148,75.9,53.3,0,1.5,53.8,39.2,Continuing-generation,Arts,1
S00149,94.0,53.8,0,,69.1,9.1,Continuing-generation,Business,0
S00150,80.4,94.0,1,9.3,59.3,11.4,First-generation,STEM,1
S00151,75.6,66.8,0,2.8,57.4,8.9,Continuing-generation,Arts,1
S00152,62.5,69.4,1,8.1,96.3,6.9,Continuing-generation,Business,0
S00153,52.9,41.1,0,15.9,76.5,10.4,First-generation,STEM,1
S00154,70.7,56.8,1,12.5,66.0,4.4,Continuing-generation,STEM,1
S00155,77.2,69.0,0,9.0,66.7,39.4,First-generation,STEM,1
S00156,100.0,51.7,4,1.7,65.9,24.0,Continuing-generation,Business,1
S00157,80.0,78.7,0,1.7,67.5,16.1,Continuing-generation,Arts,1
S00158,92.7,49.2,0,6.1,53.2,8.9,First-generation,Business,0
S00159,70.5,62.0,0,4.1,71.3,7.4,Continuing-generation,STEM,1
S00160,60.2,57.8,0,0.7,69.5,19.3,Continuing-generation,STEM,1
S00161,63.5,68.3,0,3.0,62.4,16.6,Continuing-generation,Arts,1
S00162,67.1,57.0,1,5.9,78.8,33.3,Continuing-generation,STEM,1
S00163,100.0,62.2,0,3.6,80.3,7.5,Continuing-generation,Business,0
S00164,65.7,62.7,1,4.1,,6.8,Continuing-generation,Arts,1
S00165,90.6,55.7,1,1.7,73.4,23.1,First-generation,Arts,1
S00166,64.5,72.8,1,3.0,100.0,27.4,First-generation,Business,1
S00167,92.0,69.3,1,6.1,100.0,1.4,Continuing-generation,Business,1
S00168,83.8,64.8,0,2.9,57.0,41.1,Continuing-generation,STEM,1
S00169,75.7,60.0,1,8.5,59.5,14.9,Continuing-generation,Arts,1
S00170,77.4,77.2,0,4.2,56.9,8.0,Continuing-generation,Business,1
S00171,68.2,62.7,1,5.4,95.0,19.6,Continuing-generation,Business,1
S00172,84.7,61.7,1,6.0,68.8,19.0,First-generation,STEM,1
S00173,71.2,67.5,0,5.9,80.3,8.2,First-generation,Business,1
S00174,59.6,89.8,1,,100.0,1.6,Continuing-generation,STEM,1
S00175,58.8,47.2,1,2.2,,41.2,First-generation,Business,1
S00176,80.6,76.8,0,0.7,88.7,6.1,Continuing-generation,Business,1
S00177,100.0,39.5,0,3.3,85.4,5.1,Continuing-generation,Arts,1
S00178,80.4,69.0,4,2.1,65.4,6.8,Continuing-generation,STEM,1
S00179,76.2,88.1,2,2.8,95.1,26.3,Continuing-generation,Arts,0
S00180,82.3,72.8,0,3.5,60.7,9.3,First-generation,STEM,1
S00181,97.6,68.4,1,4.5,100.0,6.9,Continuing-generation,Business,1
S00182,81.3,58.2,0,3.7,65.4,18.5,Continuing-generation,STEM,1
S00183,71.8,66.4,1,3.6,67.4,16.2,First-generation,STEM,1
S00184,94.6,62.5,1,5.1,56.4,7.1,Continuing-generation,Arts,1
S00185,84.4,55.0,1,4.0,59.4,1.6,Continuing-generation,STEM,1
S00186,100.0,61.9,1,7.1,68.3,25.8,First-generation,Arts,1
S00187,80.7,68.8,2,4.0,32.2,16.5,Continuing-generation,STEM,1
S00188,59.6,55.3,0,10.1,71.8,0.9,Continuing-generation,Business,1
S00189,57.5,54.7,0,1.9,66.9,46.0,First-generation,STEM,1
S00190,100.0,47.0,0,3.2,90.2,0.8,First-generation,Business,0
S00191,100.0,71.5,3,2.5,83.6,5.6,Continuing-generation,Arts,0
S00192,75.3,73.6,2,4.6,63.3,6.0,Continuing-generation,Business,1
S00193,72.3,69.2,0,1.9,67.7,,First-generation,STEM,0
S00194,99.9,79.5,2,1.3,71.8,,First-generation,Arts,1
S00195,61.4,67.2,2,2.2,100.0,3.1,First-generation,Business,1
S00196,64.6,71.5,1,1.3,61.2,15.1,Continuing-generation,STEM,0
S00197,87.6,70.3,1,3.5,63.0,,First-generation,Business,1
S00198,72.1,64.7,2,4.5,55.7,14.9,Continuing-generation,Business,1
S00199,77.9,58.6,1,,49.3,17.3,First-generation,Arts,1
S00200,75.5,97.0,1,,81.5,,Continuing-generation,STEM,1
S00201,83.1,59.7,0,7.7,79.7,14.4,Continuing-generation,STEM,0
S00202,99.1,56.7,1,9.1,99.1,18.5,Continuing-generation,Arts,1
S00203,79.4,72.1,1,6.4,94.7,24.0,First-generation,Business,1
S00204,87.7,69.5,1,0.4,100.0,,Continuing-generation,Business,1
S00205,47.2,46.3,0,4.3,74.7,5.5,Continuing-generation,Arts,1
S00206,77.3,81.7,1,8.2,71.3,0.4,Continuing-generation,STEM,1
S00207,65.4,64.7,2,2.9,52.6,56.5,First-generation,STEM,1
S00208,59.7,50.4,1,1.6,88.5,53.9,First-generation,Arts,1
S00209,64.8,82.6,0,7.8,78.1,12.2,Continuing-generation,Business,0
S00210,73.0,74.8,0,8.6,87.7,12.9,First-generation,Arts,1
S00211,91.7,48.3,2,,55.5,43.4,Continuing-generation,Business,1
S00212,58.1,90.9,0,1.6,82.3,3.2,First-generation,STEM,1
S00213,78.5,75.2,0,1.0,79.7,4.9,First-generation,STEM,1
S00214,70.7,65.9,1,5.0,78.5,45.5,Continuing-generation,STEM,1
S00215,73.1,88.3,2,2.5,,9.4,Continuing-generation,Arts,1
S00216,93.0,68.2,2,3.8,97.4,4.1,First-generation,STEM,1
S00217,86.1,65.6,1,3.5,100.0,19.4,Continuing-generation,Business,0
S00218,98.1,56.8,3,2.1,56.0,6.4,Continuing-generation,STEM,1
S00219,75.7,74.1,0,0.9,89.0,39.6,Continuing-generation,STEM,1
S00220,67.6,72.7,2,2.9,24.2,14.3,First-generation,STEM,1
S00221,74.6,66.2,1,4.4,,6.7,Continuing-generation,Business,1
S00222,81.6,54.9,2,4.5,42.3,7.1,Continuing-generation,STEM,1
S00223,80.6,67.8,2,2.4,66.6,18.6,First-generation,Arts,1
S00224,61.7,65.0,1,8.5,,10.6,Continuing-generation,Arts,1
S00225,79.4,47.3,1,1.7,72.1,9.3,Continuing-generation,STEM,1
S00226,81.4,45.4,1,7.3,91.1,24.8,Continuing-generation,Arts,1
S00227,100.0,73.9,3,4.3,42.6,43.9,Continuing-generation,STEM,1
S00228,100.0,29.6,1,2.9,69.5,21.9,Continuing-generation,STEM,1
S00229,65.2,68.9,1,5.4,66.8,5.9,Continuing-generation,STEM,1
S00230,73.7,59.3,2,3.4,100.0,3.8,Continuing-generation,Arts,1
S00231,56.0,84.3,1,1.3,83.8,,Continuing-generation,Business,1
S00232,69.1,59.1,1,,54.8,21.9,Continuing-generation,STEM,1
S00233,82.7,75.2,1,3.2,67.5,8.6,Continuing-generation,Business,1
S00234,96.1,60.4,0,2.7,100.0,10.8,Continuing-generation,Business,0
S00235,67.1,,0,7.2,88.9,6.3,Continuing-generation,Business,0
S00236,68.2,76.3,1,2.6,59.5,3.9,Continuing-generation,Business,1
S00237,45.8,59.5,1,2.5,71.2,6.9,First-generation,Arts,1
S00238,75.6,80.0,1,2.2,71.8,0.2,Continuing-generation,Business,0
S00239,62.1,52.1,1,2.1,66.3,33.9,First-generation,STEM,1
S00240,,70.1,0,2.1,45.2,2.5,Continuing-generation,Arts,0
S00241,64.8,78.9,1,1.4,63.8,12.4,Continuing-generation,STEM,1
S00242,76.6,75.2,1,4.4,100.0,0.6,Continuing-generation,Business,1
S00243,51.6,92.8,1,,,21.3,First-generation,Business,1
S00244,56.0,55.3,1,3.5,74.1,27.0,Continuing-generation,STEM,1
S00245,100.0,46.7,1,1.0,78.5,13.5,First-generation,STEM,1
S00246,58.7,52.1,0,5.1,100.0,11.7,Continuing-generation,Business,1
S00247,61.5,75.2,1,5.4,76.2,6.2,Continuing-generation,Arts,1
S00248,100.0,73.0,2,9.8,95.7,33.3,Continuing-generation,Arts,0
S00249,,67.4,1,5.2,65.2,1.8,First-generation,Business,1
S00250,60.4,50.3,2,11.0,71.3,8.0,Continuing-generation,STEM,0
S00251,72.5,76.7,4,,76.2,5.4,Continuing-generation,STEM,1
S00252,83.1,48.9,1,10.1,62.1,5.2,Continuing-generation,Arts,1
S00253,100.0,82.2,2,5.3,72.3,32.6,Continuing-generation,STEM,1
S00254,63.2,100.0,0,,92.0,11.1,Continuing-generation,Business,0
S00255,74.3,71.1,0,3.4,61.6,6.2,First-generation,STEM,0
S00256,89.7,74.2,1,2.9,76.0,17.0,First-generation,STEM,1
S00257,84.5,59.1,2,2.5,88.8,15.7,Continuing-generation,Business,1
S00258,72.4,40.7,0,10.3,61.2,26.6,Continuing-generation,Business,1
S00259,76.0,57.6,1,3.3,95.7,18.7,First-generation,Business,1
S00260,57.4,50.7,1,5.4,,11.6,Continuing-generation,STEM,1
S00261,74.4,45.7,0,6.2,73.0,12.3,Continuing-generation,Arts,0
S00262,74.0,90.1,0,6.1,39.9,17.9,First-generation,Business,1
S00263,81.5,69.8,1,4.4,69.3,4.5,Continuing-generation,Arts,1
S00264,69.7,71.3,2,10.0,82.7,15.4,Continuing-generation,Business,1
S00265,85.1,61.7,0,5.1,100.0,43.1,Continuing-generation,STEM,1
S00266,,63.6,0,2.5,86.2,13.5,First-generation,Business,1
S00267,,79.5,1,3.0,96.3,8.8,Continuing-generation,Business,0
S00268,83.3,65.5,1,1.1,54.2,8.7,Continuing-generation,Business,1
S00269,78.8,73.4,1,4.7,73.7,17.3,Continuing-generation,Business,0
S00270,78.0,63.3,1,5.7,98.0,14.7,Continuing-generation,STEM,0
S00271,67.2,61.2,1,6.0,60.0,22.2,Continuing-generation,Arts,1
S00272,82.7,46.3,2,5.3,93.4,6.6,First-generation,STEM,1
S00273,76.5,38.3,0,3.4,89.2,10.4,Continuing-generation,STEM,1
S00274,100.0,62.3,0,,80.9,25.3,Continuing-generation,Arts,0
S00275,100.0,66.8,0,3.9,70.1,27.0,First-generation,STEM,1
S00276,83.8,48.0,0,7.2,58.2,27.2,First-generation,Arts,1
S00277,66.6,65.5,2,0.7,100.0,23.2,Continuing-generation,Business,1
S00278,61.3,66.8,1,2.8,87.4,23.8,Continuing-generation,STEM,0
S00279,95.9,35.8,1,1.8,82.1,15.4,First-generation,STEM,1
S00280,81.9,53.2,2,,68.6,2.4,First-generation,STEM,1
S00281,85.2,71.7,0,8.1,76.7,2.7,Continuing-generation,STEM,1
S00282,51.8,71.4,1,2.9,79.0,13.3,First-generation,STEM,1
S00283,91.9,49.8,1,1.3,83.2,13.9,Continuing-generation,STEM,1
S00284,84.8,68.2,2,1.6,89.2,5.1,Continuing-generation,STEM,1
S00285,,80.3,1,7.1,61.9,5.5,Continuing-generation,Business,1
S00286,70.9,76.9,0,1.1,49.6,11.5,Continuing-generation,STEM,1
S00287,,64.7,1,3.9,77.5,62.9,Continuing-generation,STEM,0
S00288,78.8,59.4,0,6.4,44.6,4.1,Continuing-generation,STEM,0
S00289,73.6,57.2,1,1.5,70.2,8.4,Continuing-generation,STEM,1
S00290,76.4,72.5,0,3.9,66.8,26.6,Continuing-generation,STEM,0
S00291,74.2,68.7,0,2.9,84.9,22.7,Continuing-generation,STEM,1
S00292,80.3,74.8,2,2.6,100.0,16.5,Continuing-generation,STEM,1
S00293,100.0,67.8,0,2.3,41.0,1.1,Continuing-generation,Arts,1
S00294,39.5,77.5,2,6.8,100.0,9.9,Continuing-generation,STEM,1
S00295,74.4,67.3,2,9.2,71.8,50.5,First-generation,STEM,1
S00296,80.6,77.0,2,3.2,82.3,5.3,Continuing-generation,Business,1
S00297,82.4,78.2,1,4.9,50.5,5.0,First-generation,Business,1
S00298,72.4,54.7,3,3.9,,41.6,Continuing-generation,STEM,1
S00299,51.6,40.7,2,0.8,76.7,11.5,Continuing-generation,Arts,1
S00300,82.9,87.6,0,3.1,74.9,1.3,First-generation,Business,0
S00301,,69.6,1,0.7,41.1,3.5,Continuing-generation,Arts,1
S00302,55.0,42.0,0,2.7,,6.8,First-generation,Arts,1
S00303,91.0,56.0,1,,91.2,,Continuing-generation,Business,1
S00304,73.1,76.8,0,,71.7,10.3,Continuing-generation,Business,1
S00305,77.1,62.1,1,4.6,97.1,4.8,Continuing-generation,STEM,1
S00306,62.2,58.8,1,6.9,96.4,10.4,Continuing-generation,Arts,0
S00307,73.0,85.6,1,2.0,64.5,5.3,Continuing-generation,Business,1
S00308,97.5,51.3,2,8.5,100.0,52.8,Continuing-generation,STEM,1
S00309,86.7,54.8,0,9.2,76.8,3.2,Continuing-generation,STEM,0
S00310,100.0,69.0,0,0.7,76.9,7.8,First-generation,Business,0
S00311,95.7,71.5,2,1.0,77.8,6.7,Continuing-generation,Business,1
S00312,84.6,72.9,1,3.8,77.2,6.8,Continuing-generation,Arts,0
S00313,100.0,78.8,1,2.6,28.7,3.7,First-generation,STEM,1
S00314,84.6,68.8,1,2.9,72.7,39.2,Continuing-generation,Arts,1
S00315,90.4,72.9,1,4.6,51.4,66.6,Continuing-generation,STEM,1
S00316,73.6,62.4,0,7.0,100.0,17.6,Continuing-generation,Business,1
S00317,79.0,66.9,0,2.0,100.0,16.3,First-generation,STEM,0
S00318,67.5,67.5,1,7.8,91.3,,Continuing-generation,STEM,1
S00319,92.8,69.0,2,2.3,71.7,38.4,Continuing-generation,Business,1
S00320,60.3,76.8,1,13.5,57.9,5.3,First-generation,STEM,0
S00321,,73.8,1,8.5,64.2,1.4,Continuing-generation,STEM,0
S00322,75.1,66.6,4,2.5,100.0,20.5,Continuing-generation,Arts,1
S00323,95.6,54.7,2,1.3,63.5,30.6,First-generation,STEM,1
S00324,89.3,66.9,0,2.4,33.6,38.1,Continuing-generation,Business,1
S00325,100.0,65.6,0,2.2,94.5,7.9,First-generation,Business,0
S00326,89.0,68.7,1,5.6,100.0,7.0,Continuing-generation,STEM,0
S00327,54.4,96.9,3,0.7,100.0,15.1,Continuing-generation,Arts,1
S00328,77.0,58.7,1,1.0,94.7,10.3,Continuing-generation,Arts,1
S00329,60.4,71.9,2,5.5,97.6,20.9,Continuing-generation,Arts,1
S00330,70.2,81.0,0,2.1,77.0,15.2,Continuing-generation,Arts,0
S00331,100.0,67.4,0,2.8,38.6,4.8,First-generation,Business,1
S00332,87.6,98.7,2,6.4,76.5,39.1,Continuing-generation,Arts,0
S00333,67.5,60.7,0,7.2,87.2,21.0,First-generation,STEM,0
S00334,62.8,70.5,1,8.3,73.6,30.0,Continuing-generation,STEM,1
S00335,78.5,54.8,4,6.1,72.7,4.9,First-generation,Business,1
S00336,59.8,61.1,1,3.3,58.6,20.4,Continuing-generation,STEM,1
S00337,67.9,69.5,0,3.1,58.0,25.5,Continuing-generation,Business,1
S00338,82.7,77.8,1,2.9,100.0,14.7,First-generation,STEM,1
S00339,95.3,70.5,3,1.5,100.0,3.7,First-generation,STEM,1
S00340,87.1,83.6,1,1.9,76.0,13.5,First-generation,Arts,1
S00341,43.6,64.7,0,7.6,81.1,23.5,First-generation,STEM,1
S00342,82.6,61.3,1,2.3,58.3,31.7,Continuing-generation,STEM,1
S00343,79.1,100.0,2,1.5,87.6,1.9,Continuing-generation,Business,0
S00344,84.2,71.5,1,8.0,100.0,14.4,Continuing-generation,Arts,1
S00345,100.0,55.9,0,4.4,48.5,2.7,First-generation,Arts,1
S00346,47.1,56.3,1,10.4,84.3,,Continuing-generation,STEM,1
S00347,69.1,52.8,0,9.8,85.7,29.2,Continuing-generation,Arts,1
S00348,86.9,79.1,1,,85.5,4.4,Continuing-generation,Business,0
S00349,54.3,60.9,1,3.6,100.0,3.4,First-generation,Arts,1
S00350,100.0,,1,,100.0,6.6,Continuing-generation,STEM,0
S00351,83.5,65.1,1,1.8,71.8,10.6,First-generation,STEM,1
S00352,90.7,76.2,1,2.8,88.1,5.7,Continuing-generation,Business,0
S00353,69.4,,0,5.7,77.5,25.6,Continuing-generation,Business,1
S00354,90.2,50.9,2,5.8,64.6,31.9,Continuing-generation,STEM,1
S00355,94.0,69.1,0,5.3,80.9,13.9,First-generation,Business,0
S00356,81.5,74.4,0,3.3,88.1,5.9,First-generation,Business,1
S00357,81.5,70.7,2,5.9,79.9,10.3,Continuing-generation,STEM,1
S00358,82.1,54.7,2,1.5,60.1,13.9,Continuing-generation,Business,1
S00359,65.0,75.5,0,4.5,67.7,9.8,Continuing-generation,STEM,1
S00360,75.8,55.6,1,3.9,67.8,11.6,Continuing-generation,Arts,1
S00361,75.7,,1,3.2,60.8,29.8,First-generation,Business,1
S00362,83.8,52.8,3,4.6,81.6,5.5,Continuing-generation,Business,1
S00363,93.0,84.2,0,0.6,83.5,56.2,Continuing-generation,Arts,0
S00364,62.1,74.9,1,1.8,93.6,14.3,Continuing-generation,Business,0
S00365,76.1,74.5,1,5.4,60.6,9.3,Continuing-generation,STEM,1
S00366,100.0,83.5,1,3.8,65.6,5.3,Continuing-generation,Business,1
S00367,66.8,100.0,1,1.1,100.0,5.9,Continuing-generation,Arts,0
S00368,65.7,42.1,1,3.8,73.0,12.7,First-generation,STEM,1
S00369,81.0,55.7,0,2.6,76.5,14.2,Continuing-generation,Business,0
S00370,90.7,57.4,2,7.7,72.8,9.0,First-generation,STEM,1
S00371,78.2,54.1,0,1.6,96.4,2.6,First-generation,Arts,1
S00372,97.9,50.9,1,1.6,97.1,12.7,Continuing-generation,Business,1
S00373,90.9,61.8,0,5.0,,6.0,First-generation,Arts,1
S00374,90.6,49.0,1,3.4,76.5,1.3,First-generation,Business,1
S00375,86.3,70.7,1,,60.3,21.6,Continuing-generation,STEM,1
S00376,100.0,66.7,0,13.6,100.0,1.6,First-generation,Business,0
S00377,74.9,72.7,0,5.9,91.4,8.6,Continuing-generation,Arts,0
S00378,47.9,73.1,0,3.0,67.8,11.3,First-generation,STEM,1
S00379,100.0,74.4,0,1.0,100.0,35.4,Continuing-generation,STEM,1
S00380,71.1,60.8,0,2.9,66.4,1.4,Continuing-generation,Business,1
S00381,79.6,95.7,2,1.4,100.0,23.6,First-generation,Business,1
S00382,97.6,69.3,1,1.9,100.0,26.7,Continuing-generation,STEM,1
S00383,54.0,39.9,1,2.0,59.4,44.0,First-generation,STEM,1
S00384,59.2,52.0,0,7.3,86.5,31.0,First-generation,STEM,1
S00385,54.0,41.6,0,1.2,90.1,11.6,First-generation,Business,1
S00386,66.1,66.2,0,6.9,100.0,24.4,First-generation,Business,0
S00387,84.6,64.3,0,5.1,62.6,36.7,First-generation,Business,1
S00388,85.9,59.4,2,5.1,100.0,0.9,Continuing-generation,Arts,0
S00389,82.1,94.2,1,1.9,76.3,2.6,Continuing-generation,STEM,0
S00390,56.8,73.7,1,6.3,53.7,15.5,Continuing-generation,Business,1
S00391,43.3,76.2,0,1.7,73.8,26.5,Continuing-generation,STEM,1
S00392,78.8,53.0,3,9.3,76.0,20.9,Continuing-generation,STEM,1
S00393,70.9,52.0,1,7.4,56.9,16.8,First-generation,Business,0
S00394,84.9,66.5,0,10.3,81.6,43.6,First-generation,Business,1
S00395,88.5,68.4,1,3.9,93.2,9.0,Continuing-generation,Arts,1
S00396,80.1,40.0,1,3.4,80.3,5.7,Continuing-generation,STEM,0
S00397,89.4,63.5,1,2.8,66.2,7.3,First-generation,STEM,1
S00398,81.4,66.2,1,13.4,73.3,15.8,First-generation,Business,0
S00399,86.0,63.0,0,5.7,75.9,11.2,Continuing-generation,Business,1
S00400,67.4,54.6,0,1.5,79.9,27.7,Continuing-generation,STEM,1
S00401,75.3,58.4,2,8.6,96.0,6.1,Continuing-generation,Arts,0
S00402,81.0,63.5,1,3.3,80.9,17.7,Continuing-generation,Arts,1
S00403,90.3,67.3,1,0.3,50.8,24.5,Continuing-generation,Business,1
S00404,72.1,,1,2.2,65.9,36.7,First-generation,Business,1
S00405,85.8,81.1,1,7.4,79.0,3.3,Continuing-generation,STEM,0
S00406,74.0,61.9,3,5.2,96.2,7.2,Continuing-generation,Business,1
S00407,76.2,59.6,1,5.8,99.4,10.4,Continuing-generation,Business,0
S00408,90.4,72.1,1,8.6,100.0,2.1,Continuing-generation,Arts,0
S00409,48.1,74.6,1,0.8,78.4,16.7,First-generation,Business,1
S00410,58.6,59.9,0,2.2,89.7,,First-generation,STEM,0
S00411,55.8,77.1,1,4.0,,15.2,First-generation,STEM,0
S00412,43.0,79.7,2,7.6,83.7,9.8,First-generation,STEM,1
S00413,67.8,84.1,0,1.7,56.6,33.6,First-generation,Arts,0
S00414,89.2,90.9,0,3.0,74.9,7.3,Continuing-generation,Arts,0
S00415,73.7,53.9,1,3.8,,31.1,Continuing-generation,Arts,1
S00416,81.0,66.2,2,2.1,81.5,7.2,Continuing-generation,Arts,1
S00417,94.3,66.2,1,3.8,60.5,3.2,Continuing-generation,STEM,1
S00418,97.9,64.6,1,,83.3,11.7,Continuing-generation,Business,0
S00419,77.0,56.9,1,2.6,66.7,13.9,Continuing-generation,Business,1
S00420,98.3,45.2,0,6.3,58.7,17.9,First-generation,STEM,1
S00421,79.4,67.3,1,5.6,100.0,8.8,First-generation,Business,1
S00422,65.4,55.2,1,6.5,,53.1,First-generation,Business,0
S00423,69.1,67.2,1,6.8,82.2,6.6,Continuing-generation,Arts,1
S00424,55.8,,0,9.9,68.9,26.8,First-generation,STEM,1
S00425,64.7,50.6,0,1.1,70.4,95.6,First-generation,Arts,1
S00426,72.6,69.3,1,1.2,100.0,60.6,Continuing-generation,Arts,1
S00427,90.1,68.1,1,5.9,81.5,3.8,Continuing-generation,Arts,1
S00428,100.0,74.1,0,2.7,20.5,24.9,Continuing-generation,STEM,1
S00429,57.3,96.6,1,2.5,100.0,26.2,Continuing-generation,STEM,1
S00430,83.9,69.9,2,2.2,79.3,21.7,Continuing-generation,Business,1
S00431,62.4,72.8,2,6.6,82.2,3.1,Continuing-generation,STEM,1
S00432,85.1,50.9,2,12.9,95.6,15.1,First-generation,STEM,1
S00433,76.0,48.0,1,6.8,84.4,15.0,Continuing-generation,Arts,1
S00434,50.5,88.2,1,2.6,89.4,2.5,Continuing-generation,STEM,1
S00435,91.9,53.1,2,6.4,68.4,9.3,First-generation,Business,1
S00436,68.9,51.4,0,1.2,53.9,15.7,Continuing-generation,Arts,1
S00437,70.0,65.5,0,3.2,81.0,11.4,Continuing-generation,Business,1
S00438,62.0,64.7,0,0.8,100.0,23.1,Continuing-generation,Arts,1
S00439,68.2,53.4,2,2.7,64.3,9.1,Continuing-generation,STEM,1
S00440,84.4,61.7,0,4.3,62.9,13.7,Continuing-generation,STEM,1
S00441,75.2,83.2,1,14.4,98.0,28.2,First-generation,STEM,1
S00442,82.9,54.7,1,8.0,67.8,48.4,First-generation,STEM,0
S00443,83.4,46.5,0,0.9,68.6,3.0,Continuing-generation,STEM,1
S00444,97.8,79.2,1,0.9,69.3,,Continuing-generation,Arts,1
S00445,72.9,72.9,1,2.1,74.8,7.6,Continuing-generation,Arts,1
S00446,55.8,57.3,3,11.1,47.7,18.2,Continuing-generation,STEM,1
S00447,94.0,43.8,2,0.9,66.3,2.7,Continuing-generation,STEM,1
S00448,73.0,55.6,0,2.2,80.1,34.1,First-generation,Business,1
S00449,94.7,65.2,1,2.2,80.0,5.3,First-generation,Business,1
S00450,83.8,82.3,2,5.0,96.8,28.6,Continuing-generation,STEM,0
S00451,76.0,51.5,1,6.5,100.0,3.2,Continuing-generation,STEM,1
S00452,83.2,64.8,0,5.6,100.0,2.0,First-generation,STEM,1
S00453,100.0,75.5,1,4.5,92.5,10.1,Continuing-generation,Business,1
S00454,100.0,32.7,0,1.1,73.3,15.2,Continuing-generation,STEM,1
S00455,79.0,80.5,1,4.1,64.8,64.8,First-generation,Business,1
S00456,80.4,49.4,1,8.7,76.3,14.9,Continuing-generation,STEM,0
S00457,94.1,70.6,1,10.6,86.5,3.8,Continuing-generation,Business,1
S00458,65.3,69.5,4,4.9,90.8,24.9,Continuing-generation,Business,1
S00459,83.0,81.2,2,0.9,87.2,38.8,Continuing-generation,STEM,1
S00460,77.6,73.7,2,4.9,73.8,4.9,Continuing-generation,Arts,1
S00461,82.7,32.7,1,3.4,90.2,27.8,First-generation,Business,1
S00462,65.5,55.0,0,1.0,98.7,35.0,Continuing-generation,Arts,0
S00463,54.2,67.9,0,1.6,91.8,25.4,Continuing-generation,Business,1
S00464,46.9,63.3,2,1.9,,6.2,Continuing-generation,Business,1
S00465,61.2,72.7,0,6.0,61.0,15.4,Continuing-generation,STEM,1
S00466,71.1,77.1,1,10.3,60.6,18.1,First-generation,Business,1
S00467,73.6,74.5,4,5.4,63.7,33.3,Continuing-generation,Business,1
S00468,100.0,63.0,1,6.1,80.6,6.7,First-generation,STEM,1
S00469,94.6,40.2,0,3.6,85.4,28.3,First-generation,STEM,1
S00470,63.6,59.6,2,2.5,50.5,11.0,Continuing-generation,STEM,1
S00471,83.2,71.8,1,5.5,66.9,,Continuing-generation,STEM,1
S00472,71.9,50.7,0,4.6,80.4,13.3,Continuing-generation,STEM,1
S00473,73.7,74.8,0,2.0,59.8,0.3,Continuing-generation,Business,1
S00474,80.8,78.7,0,4.4,83.8,0.6,First-generation,Arts,1
S00475,87.3,67.8,1,3.7,70.5,1.0,First-generation,STEM,1
S00476,72.9,23.1,1,3.0,63.0,18.8,First-generation,STEM,1
S00477,94.0,48.1,3,2.4,77.0,9.9,Continuing-generation,STEM,1
S00478,60.9,92.4,2,4.9,83.1,6.3,Continuing-generation,STEM,1
S00479,78.1,58.3,0,2.5,60.7,12.2,First-generation,Business,1
S00480,100.0,38.2,0,12.9,71.6,28.9,Continuing-generation,STEM,1
S00481,81.3,83.3,0,5.3,84.4,11.6,Continuing-generation,Arts,0
S00482,99.5,66.2,1,4.9,62.3,3.7,Continuing-generation,Arts,1
S00483,79.4,81.5,0,3.3,46.2,72.7,Continuing-generation,Business,1
S00484,86.7,69.9,1,2.8,48.3,12.8,First-generation,Arts,1
S00485,77.1,72.4,0,0.7,68.5,35.2,Continuing-generation,Business,1
S00486,75.4,71.1,1,2.1,52.3,25.6,Continuing-generation,Arts,0
S00487,66.3,75.8,0,0.8,69.7,8.2,First-generation,STEM,1
S00488,84.5,97.9,0,,100.0,47.8,First-generation,Arts,1
S00489,65.2,79.6,0,1.4,51.2,6.9,Continuing-generation,STEM,0
S00490,88.0,43.9,1,8.1,70.9,18.6,Continuing-generation,STEM,1
S00491,94.3,,0,8.1,100.0,16.4,First-generation,Arts,1
S00492,83.5,82.0,2,2.1,83.3,17.9,Continuing-generation,STEM,1
S00493,73.7,82.8,0,1.1,69.4,41.7,Continuing-generation,STEM,1
S00494,84.8,60.0,2,2.7,73.2,13.1,First-generation,STEM,1
S00495,73.4,82.3,0,5.9,83.7,15.5,First-generation,STEM,1
S00496,92.0,79.0,0,7.1,100.0,16.2,Continuing-generation,STEM,1
S00497,50.5,100.0,1,4.3,66.4,62.8,Continuing-generation,Business,1
S00498,73.0,55.5,1,4.8,62.4,33.1,First-generation,Business,1
S00499,48.1,58.9,1,4.5,51.2,1.8,Continuing-generation,Arts,1
S00500,55.6,61.7,2,0.9,77.9,,Continuing-generation,STEM,1
S00501,98.5,59.1,0,1.2,50.7,14.0,Continuing-generation,Arts,1
S00502,91.4,53.5,1,10.6,67.7,41.1,First-generation,Business,0
S00503,67.2,27.3,1,4.3,59.6,44.2,First-generation,Arts,1
S00504,55.5,59.9,1,0.5,95.3,12.4,First-generation,Arts,1
S00505,33.5,71.2,0,5.0,66.8,6.9,Continuing-generation,Arts,1
S00506,69.8,59.1,0,1.8,83.1,10.7,Continuing-generation,STEM,1
S00507,100.0,93.1,0,7.5,47.1,14.4,Continuing-generation,Business,0
S00508,84.5,66.2,0,7.0,78.4,10.0,First-generation,Arts,1
S00509,69.6,84.1,1,5.7,54.3,35.9,Continuing-generation,Business,1
S00510,85.0,69.7,0,4.3,,9.1,Continuing-generation,STEM,0
S00511,54.6,,0,8.6,100.0,5.0,Continuing-generation,Business,0
S00512,73.5,69.9,0,9.2,92.8,10.5,First-generation,Arts,1
S00513,79.5,85.2,2,1.8,73.7,17.2,Continuing-generation,STEM,1
S00514,76.7,66.8,3,5.7,100.0,,First-generation,Business,1
S00515,89.9,72.9,0,,59.5,4.6,First-generation,Arts,1
S00516,83.2,71.1,2,1.6,97.0,17.3,Continuing-generation,Business,1
S00517,88.0,62.0,1,9.2,48.4,17.8,First-generation,STEM,1
S00518,67.7,71.7,2,6.3,71.6,,First-generation,Business,1
S00519,91.5,97.3,1,4.5,51.7,9.1,Continuing-generation,Business,0
S00520,100.0,62.2,1,2.0,80.6,20.5,First-generation,STEM,0
S00521,63.4,71.9,2,9.4,77.0,25.1,Continuing-generation,Business,1
S00522,64.7,83.6,0,,70.5,9.0,Continuing-generation,Business,0
S00523,98.0,,1,1.4,95.7,15.5,Continuing-generation,Arts,0
S00524,75.1,66.2,0,3.8,65.8,11.2,First-generation,Arts,1
S00525,99.1,32.6,0,5.9,81.9,5.8,Continuing-generation,Arts,1
S00526,71.4,73.2,1,2.9,90.8,2.8,Continuing-generation,Business,0
S00527,99.8,34.9,0,20.0,49.3,6.9,First-generation,STEM,1
S00528,80.0,86.6,1,,62.5,7.4,Continuing-generation,Business,0
S00529,81.9,68.4,2,2.4,77.0,2.7,Continuing-generation,STEM,1
S00530,100.0,80.0,0,2.6,87.3,19.4,First-generation,Business,0
S00531,72.6,53.4,0,11.3,100.0,26.6,First-generation,STEM,1
S00532,63.9,44.3,1,3.5,72.1,10.9,Continuing-generation,Business,1
S00533,71.3,69.7,0,9.0,70.3,12.5,Continuing-generation,Business,0
S00534,84.8,65.5,1,0.8,60.3,7.9,Continuing-generation,STEM,0
S00535,54.5,59.1,0,7.6,81.9,11.8,First-generation,STEM,1
S00536,87.6,67.2,1,2.0,70.7,20.6,First-generation,STEM,1
S00537,69.9,100.0,0,6.4,71.1,17.3,Continuing-generation,STEM,1
S00538,95.2,77.7,1,2.0,74.3,11.8,Continuing-generation,Business,1
S00539,42.1,80.7,1,2.8,85.9,7.4,First-generation,Arts,1
S00540,66.2,77.8,0,1.6,65.9,24.8,Continuing-generation,Arts,1
S00541,52.7,86.7,1,6.5,62.1,8.2,Continuing-generation,Arts,1
S00542,65.6,63.3,0,7.1,83.8,3.0,First-generation,STEM,1
S00543,81.7,37.2,3,2.1,21.5,14.7,Continuing-generation,STEM,1
S00544,75.3,63.4,0,1.0,65.1,1.3,First-generation,Business,1
S00545,,77.4,1,8.9,55.3,16.7,Continuing-generation,Business,0
S00546,75.6,52.4,0,2.3,97.7,17.8,First-generation,Business,1
S00547,81.1,63.5,1,3.4,68.1,6.8,Continuing-generation,Arts,1
S00548,62.9,56.3,0,,65.9,7.9,First-generation,Business,1
S00549,88.6,87.0,0,6.1,75.1,27.8,Continuing-generation,Business,1
S00550,87.9,76.5,1,6.2,65.3,58.3,Continuing-generation,Arts,1
S00551,,75.1,1,9.9,68.8,13.2,Continuing-generation,STEM,1
S00552,86.3,74.7,0,7.7,77.7,6.9,Continuing-generation,Arts,1
S00553,82.4,65.5,1,7.4,68.4,,Continuing-generation,Business,1
S00554,100.0,68.8,2,3.6,68.3,11.3,First-generation,STEM,1
S00555,76.7,49.4,2,3.3,57.8,16.9,Continuing-generation,Arts,1
S00556,73.4,35.4,2,6.0,55.2,14.7,Continuing-generation,Arts,1
S00557,66.7,68.1,2,3.5,77.1,15.1,Continuing-generation,Arts,1
S00558,62.5,70.5,0,7.9,81.5,0.7,First-generation,STEM,0
S00559,59.3,82.9,2,1.7,50.3,7.8,First-generation,STEM,0
S00560,64.7,88.0,2,0.8,89.7,7.1,First-generation,Business,0
S00561,76.9,88.0,0,5.5,89.8,7.0,First-generation,STEM,0
S00562,83.0,52.0,1,2.5,93.5,22.0,First-generation,STEM,1
S00563,78.8,61.1,0,1.5,81.4,3.4,Continuing-generation,STEM,1
S00564,66.5,72.7,1,13.8,87.5,0.7,First-generation,STEM,1
S00565,91.5,100.0,0,,100.0,6.8,First-generation,Business,1
S00566,89.1,86.7,1,1.2,70.6,5.4,First-generation,Business,1
S00567,75.6,81.7,5,2.3,57.2,13.3,Continuing-generation,STEM,1
S00568,68.2,60.6,1,3.1,48.4,9.8,Continuing-generation,Business,1
S00569,86.2,53.6,1,5.5,100.0,8.4,First-generation,STEM,0
S00570,80.8,77.0,0,2.3,100.0,35.0,Continuing-generation,STEM,0
S00571,56.3,50.6,0,3.4,59.4,5.5,Continuing-generation,Business,1
S00572,77.0,62.7,1,4.6,62.9,20.9,First-generation,Business,1
S00573,81.9,64.4,0,5.2,70.2,11.7,Continuing-generation,STEM,1
S00574,64.5,88.3,0,3.6,98.0,28.3,First-generation,Business,0
S00575,80.8,61.0,2,11.2,52.8,43.7,Continuing-generation,STEM,1
S00576,56.2,31.9,1,6.1,40.6,11.5,Continuing-generation,Business,1
S00577,98.0,73.1,0,5.9,100.0,1.4,Continuing-generation,STEM,0
S00578,96.7,56.2,2,5.7,81.6,3.4,First-generation,Business,1
S00579,74.2,66.6,1,7.9,84.2,2.5,Continuing-generation,Business,0
S00580,83.5,64.8,1,4.4,72.3,7.9,First-generation,STEM,1
S00581,41.9,62.2,1,1.7,84.4,6.6,Continuing-generation,Business,1
S00582,60.7,77.1,2,5.1,48.7,15.4,Continuing-generation,Arts,1
S00583,73.6,44.5,0,5.5,60.9,,First-generation,STEM,1
S00584,,58.8,0,8.7,77.9,1.2,Continuing-generation,Business,1
S00585,88.7,75.6,1,1.5,35.1,,Continuing-generation,Arts,1
S00586,100.0,57.4,2,1.9,70.6,,First-generation,STEM,1
S00587,60.4,43.5,2,3.9,69.4,13.0,Continuing-generation,Arts,1
S00588,65.4,75.4,1,5.8,70.6,7.9,Continuing-generation,STEM,1
S00589,81.5,81.7,1,1.3,66.1,22.9,First-generation,Business,1
S00590,100.0,65.4,2,1.6,58.1,3.7,Continuing-generation,Arts,1
S00591,59.7,38.5,2,6.8,43.2,6.1,Continuing-generation,Arts,1
S00592,81.7,75.9,1,1.4,78.6,10.8,Continuing-generation,Business,1
S00593,100.0,42.8,0,,70.6,8.8,First-generation,Business,0
S00594,53.2,70.3,0,7.1,51.2,10.7,Continuing-generation,STEM,0
S00595,58.8,53.6,0,5.8,77.1,1.7,Continuing-generation,STEM,1
S00596,71.6,49.8,2,2.3,70.7,38.7,Continuing-generation,Arts,1
S00597,70.2,59.8,1,5.3,67.7,7.3,First-generation,STEM,1
S00598,90.2,63.4,0,4.7,37.2,4.1,Continuing-generation,Arts,0
S00599,81.6,57.0,0,3.5,88.3,11.0,Continuing-generation,STEM,1
S00600,51.4,74.2,1,2.9,53.8,12.7,First-generation,STEM,1
S00601,85.7,59.8,1,5.2,77.1,52.3,Continuing-generation,STEM,0
S00602,69.3,79.7,2,1.5,61.5,30.0,Continuing-generation,Business,1
S00603,97.1,69.9,0,5.2,69.0,8.6,Continuing-generation,STEM,0
S00604,68.6,56.2,2,4.4,96.7,45.4,Continuing-generation,STEM,1
S00605,68.5,53.9,0,4.6,85.6,38.7,First-generation,Arts,1
S00606,86.1,42.9,0,1.8,96.3,4.1,Continuing-generation,Arts,1
S00607,89.4,70.1,2,8.9,81.9,61.6,First-generation,Arts,1
S00608,84.7,61.0,2,2.3,83.1,7.4,Continuing-generation,STEM,1
S00609,52.7,32.8,0,2.6,43.9,14.1,Continuing-generation,STEM,1
S00610,86.1,58.5,0,3.4,70.3,34.2,First-generation,Business,1
S00611,62.5,53.4,1,5.8,72.0,1.2,Continuing-generation,STEM,0
S00612,81.5,88.1,1,4.5,98.0,10.7,Continuing-generation,Business,0
S00613,56.6,42.2,2,1.0,66.9,16.1,First-generation,Arts,1
S00614,84.7,45.8,1,3.8,80.8,29.1,First-generation,STEM,1
S00615,65.9,81.5,1,4.0,80.1,12.1,Continuing-generation,Arts,1
S00616,58.8,85.0,0,9.0,96.8,1.2,Continuing-generation,STEM,0
S00617,88.7,55.6,0,3.0,73.6,52.0,First-generation,STEM,1
S00618,81.6,57.2,1,5.4,90.9,12.5,Continuing-generation,STEM,1
S00619,68.8,74.6,0,17.8,45.3,16.7,First-generation,Arts,1
S00620,99.8,33.4,2,8.0,46.9,2.0,Continuing-generation,Business,1
S00621,71.4,39.9,1,,34.9,37.4,Continuing-generation,Arts,1
S00622,78.5,62.1,1,6.3,90.1,7.6,First-generation,STEM,1
S00623,82.0,87.7,0,5.2,88.1,5.7,Continuing-generation,Arts,1
S00624,68.7,59.9,1,3.0,92.1,31.0,First-generation,Business,1
S00625,85.1,67.4,1,6.3,63.8,2.4,Continuing-generation,Business,0
S00626,,81.9,0,1.7,65.9,16.9,First-generation,Arts,1
S00627,71.8,95.5,2,2.4,73.8,,First-generation,Arts,1
S00628,98.4,57.9,1,3.4,100.0,18.7,Continuing-generation,Business,1
S00629,62.4,65.8,0,2.9,100.0,23.2,Continuing-generation,STEM,1
S00630,41.8,91.5,2,5.9,90.3,7.3,First-generation,Arts,1
S00631,100.0,44.7,1,3.7,82.0,35.7,Continuing-generation,STEM,1
S00632,100.0,80.4,1,2.7,100.0,12.5,First-generation,Arts,0
S00633,71.9,51.7,0,7.9,71.4,52.6,Continuing-generation,STEM,1
S00634,48.9,67.4,1,,69.0,31.3,First-generation,STEM,0
S00635,73.3,62.6,1,1.2,73.7,13.9,Continuing-generation,STEM,1
S00636,73.7,52.6,4,1.2,58.4,13.8,First-generation,Business,1
S00637,75.2,52.2,1,,,2.7,Continuing-generation,STEM,1
S00638,61.3,69.9,0,1.3,55.9,31.0,Continuing-generation,Arts,0
S00639,86.7,79.9,2,7.1,94.5,6.5,Continuing-generation,Business,1
S00640,85.9,64.2,0,2.5,85.8,15.3,First-generation,STEM,1
S00641,55.6,67.0,1,5.4,100.0,52.2,First-generation,Business,1
S00642,88.5,74.0,0,6.2,46.7,35.2,First-generation,Arts,1
S00643,100.0,52.4,3,0.7,100.0,4.4,Continuing-generation,Arts,1
S00644,80.6,76.4,1,2.6,47.7,12.6,First-generation,STEM,0
S00645,72.9,77.5,0,3.3,54.4,16.7,Continuing-generation,Arts,1
S00646,75.9,100.0,2,4.6,64.8,38.6,First-generation,STEM,1
S00647,,60.7,1,6.9,99.5,34.2,Continuing-generation,Business,1
S00648,52.0,59.6,2,14.2,80.1,20.7,Continuing-generation,Arts,1
S00649,80.5,76.8,3,10.5,71.6,19.1,Continuing-generation,Business,0
S00650,72.1,77.5,1,3.7,61.7,12.4,Continuing-generation,STEM,1
S00651,100.0,58.5,1,,51.2,16.3,Continuing-generation,Business,1
S00652,75.4,60.4,1,9.8,96.4,9.8,Continuing-generation,STEM,1
S00653,100.0,73.6,0,3.8,90.4,25.1,Continuing-generation,STEM,0
S00654,61.4,54.4,1,2.5,100.0,19.9,Continuing-generation,STEM,1
S00655,86.8,60.3,0,7.2,83.1,30.1,Continuing-generation,Arts,1
S00656,82.8,,1,4.8,28.4,29.4,First-generation,STEM,1
S00657,65.0,79.9,0,1.1,53.6,6.5,Continuing-generation,Business,1
S00658,80.7,57.5,1,3.1,84.4,0.4,Continuing-generation,Arts,0
S00659,96.2,40.2,0,1.3,69.3,6.0,First-generation,Arts,1
S00660,73.1,39.2,0,0.3,65.9,16.2,First-generation,Business,1
S00661,52.6,48.4,1,11.4,56.1,9.8,Continuing-generation,Business,1
S00662,77.7,47.6,0,4.2,93.1,9.4,First-generation,STEM,1
S00663,64.5,63.8,2,3.2,84.2,5.6,Continuing-generation,Business,1
S00664,72.9,49.4,0,2.7,85.0,18.3,Continuing-generation,STEM,1
S00665,76.8,56.2,2,3.9,64.6,20.6,First-generation,STEM,1
S00666,52.4,55.2,1,2.6,,20.9,First-generation,STEM,1
S00667,53.8,59.8,3,1.8,51.9,29.6,First-generation,Business,1
S00668,85.2,84.5,0,2.8,73.7,102.5,First-generation,STEM,0
S00669,70.2,75.3,0,9.2,30.5,0.3,Continuing-generation,STEM,1
S00670,39.5,66.2,0,7.1,47.8,20.1,Continuing-generation,Arts,1
S00671,,59.5,0,2.8,70.2,23.6,Continuing-generation,STEM,1
S00672,82.1,59.9,1,12.2,100.0,,First-generation,Business,0
S00673,67.3,70.6,1,3.7,43.6,10.5,Continuing-generation,STEM,1
S00674,58.2,74.2,0,2.1,53.6,7.7,First-generation,Business,1
S00675,90.5,53.3,2,4.9,79.9,21.2,Continuing-generation,STEM,0
S00676,83.2,66.5,1,10.2,100.0,32.2,First-generation,STEM,1
S00677,,37.6,0,9.0,79.6,3.3,Continuing-generation,Arts,1
S00678,84.3,69.0,1,2.2,88.6,18.5,Continuing-generation,Business,1
S00679,83.8,76.7,1,1.5,69.9,37.7,First-generation,STEM,1
S00680,75.5,62.1,2,2.9,66.8,6.5,Continuing-generation,STEM,1
S00681,90.3,91.4,0,5.5,77.5,4.8,First-generation,Business,1
S00682,87.4,53.7,1,6.5,64.2,4.2,First-generation,STEM,1
S00683,96.8,69.0,2,8.2,89.0,5.2,Continuing-generation,Business,0
S00684,70.2,65.5,0,4.4,47.1,51.5,Continuing-generation,Business,1
S00685,,64.6,1,4.5,,60.8,First-generation,Business,1
S00686,70.8,64.4,1,4.2,76.7,41.6,First-generation,Arts,1
S00687,89.9,67.5,0,7.5,72.1,9.6,First-generation,STEM,1
S00688,100.0,77.9,1,6.6,46.4,42.9,Continuing-generation,Arts,1
S00689,,85.3,1,2.1,58.4,3.9,Continuing-generation,Business,1
S00690,71.6,,4,6.1,97.6,25.6,First-generation,Business,1
S00691,82.7,77.4,1,7.2,72.2,7.1,Continuing-generation,Business,1
S00692,74.3,56.2,0,7.6,81.0,3.3,Continuing-generation,Business,1
S00693,92.3,76.7,1,4.8,60.2,18.0,Continuing-generation,STEM,1
S00694,44.2,,0,4.6,75.5,18.4,First-generation,Arts,0
S00695,65.6,81.3,1,3.8,51.3,20.0,Continuing-generation,Arts,0
S00696,66.3,96.9,1,4.1,77.8,22.0,First-generation,STEM,0
S00697,43.2,64.3,0,11.0,82.7,17.2,First-generation,Business,1
S00698,63.5,35.3,1,4.2,81.8,11.5,Continuing-generation,Arts,0
S00699,64.3,58.3,2,2.3,59.7,13.6,Continuing-generation,Arts,1
S00700,75.0,83.2,0,4.9,69.8,25.9,First-generation,Business,0
S00701,94.7,73.7,0,6.4,85.7,16.6,Continuing-generation,STEM,0
S00702,74.3,69.5,1,7.4,72.2,8.0,Continuing-generation,Business,1
S00703,62.5,80.1,1,1.8,70.8,5.9,Continuing-generation,STEM,1
S00704,77.1,72.8,1,9.6,100.0,13.5,Continuing-generation,Business,0
S00705,93.7,83.0,1,6.3,58.9,37.6,Continuing-generation,Business,1
S00706,63.4,78.9,1,9.3,95.4,22.3,Continuing-generation,Business,1
S00707,64.3,87.3,0,1.3,55.2,39.2,First-generation,STEM,1
S00708,86.4,71.0,1,7.7,87.8,9.4,Continuing-generation,Business,0
S00709,74.7,78.7,1,1.7,88.7,15.5,First-generation,Business,1
S00710,87.7,61.7,1,3.2,66.8,17.7,Continuing-generation,STEM,0
S00711,,57.6,0,6.4,,26.9,First-generation,STEM,1
S00712,88.5,89.9,0,1.6,40.5,9.4,Continuing-generation,STEM,0
S00713,62.5,69.0,0,2.6,64.9,22.3,Continuing-generation,Arts,1
S00714,,77.3,0,1.2,85.5,35.9,First-generation,Business,1
S00715,74.8,67.7,2,6.3,,12.1,First-generation,Business,1
S00716,,57.8,0,2.1,77.7,5.1,First-generation,Business,1
S00717,54.5,66.2,0,4.0,49.4,36.9,Continuing-generation,Arts,1
S00718,,86.1,1,5.2,71.8,,First-generation,Business,1
S00719,72.7,73.8,0,4.8,55.4,2.4,Continuing-generation,STEM,1
S00720,62.7,42.0,1,4.5,74.6,12.4,Continuing-generation,STEM,1
S00721,76.6,63.0,1,4.5,67.0,53.9,Continuing-generation,STEM,1
S00722,94.9,91.0,1,1.3,54.6,20.8,Continuing-generation,Arts,0
S00723,43.8,63.0,0,3.3,64.1,13.5,First-generation,Business,1
S00724,55.6,40.8,1,,59.2,4.3,Continuing-generation,Arts,1
S00725,64.2,92.5,1,4.2,52.3,4.3,Continuing-generation,Business,1
S00726,99.9,75.6,0,3.6,95.5,25.5,Continuing-generation,Arts,0
S00727,82.2,65.0,2,2.3,69.5,4.8,Continuing-generation,Arts,1
S00728,89.5,60.8,2,4.8,36.4,17.8,First-generation,Business,1
S00729,60.9,81.2,1,5.4,64.8,12.1,Continuing-generation,STEM,1
S00730,61.2,58.4,0,2.9,92.5,16.9,Continuing-generation,STEM,1
S00731,84.7,82.1,0,7.4,62.3,11.1,First-generation,Business,0
S00732,78.9,73.6,3,9.8,100.0,20.0,First-generation,Arts,0
S00733,86.2,69.4,3,4.0,60.6,29.4,First-generation,Business,1
S00734,75.2,68.0,0,2.2,85.1,11.3,Continuing-generation,STEM,1
S00735,82.2,63.6,2,1.5,94.7,27.3,First-generation,Business,1
S00736,80.4,80.6,0,3.2,84.1,40.5,Continuing-generation,Business,0
S00737,89.7,53.9,0,3.8,51.3,17.7,Continuing-generation,STEM,1
S00738,90.1,43.3,2,1.5,59.0,25.0,First-generation,Arts,1
S00739,53.7,74.6,3,3.1,97.1,3.3,First-generation,Business,1
S00740,44.3,74.8,3,7.1,,11.5,First-generation,STEM,1
S00741,93.0,72.7,1,0.6,93.6,,First-generation,STEM,1
S00742,95.8,71.7,0,4.2,68.3,7.8,Continuing-generation,Business,1
S00743,62.7,61.5,1,2.6,78.5,11.7,Continuing-generation,Business,1
S00744,50.1,77.0,1,3.9,,57.5,Continuing-generation,STEM,1
S00745,79.5,65.4,1,10.1,65.1,6.0,Continuing-generation,Business,1
S00746,92.0,59.2,2,3.8,60.2,12.9,First-generation,Business,1
S00747,100.0,61.6,0,3.4,80.1,4.8,Continuing-generation,STEM,0
S00748,85.7,94.3,0,6.0,77.7,10.7,Continuing-generation,Business,0
S00749,72.4,41.7,2,4.8,84.3,20.2,Continuing-generation,Business,1
S00750,64.6,73.0,0,,67.2,23.1,First-generation,STEM,1
S00751,78.2,42.5,0,4.9,59.3,9.4,First-generation,STEM,1
S00752,73.5,64.5,0,8.4,79.3,7.0,Continuing-generation,STEM,1
S00753,62.8,59.9,2,6.9,57.5,,Continuing-generation,Business,1
S00754,100.0,36.8,0,3.2,95.4,8.7,First-generation,Arts,1
S00755,100.0,71.4,1,9.8,73.9,0.6,First-generation,Business,0
S00756,95.0,60.7,2,2.7,70.1,36.1,Continuing-generation,Arts,1
S00757,64.2,36.6,1,4.2,84.3,1.0,Continuing-generation,STEM,1
S00758,90.8,77.8,1,4.5,74.6,36.1,Continuing-generation,Business,1
S00759,87.6,86.1,1,3.1,46.2,2.0,First-generation,Business,1
S00760,84.6,86.9,0,9.1,56.9,2.7,First-generation,Arts,0
S00761,96.7,71.0,0,3.0,95.0,3.8,Continuing-generation,Arts,0
S00762,87.5,66.6,0,3.6,77.5,8.0,Continuing-generation,Business,0
S00763,89.1,84.6,1,7.5,45.7,36.4,First-generation,Business,1
S00764,87.6,89.6,0,2.8,82.3,3.9,Continuing-generation,Arts,0
S00765,83.1,81.9,2,1.4,65.9,20.2,Continuing-generation,Arts,1
S00766,51.2,52.8,1,4.3,60.3,16.5,Continuing-generation,Arts,1
S00767,79.3,68.8,1,1.8,55.4,14.1,First-generation,STEM,1
S00768,69.7,72.2,1,1.6,94.0,31.2,Continuing-generation,STEM,1
S00769,58.8,40.7,0,0.6,40.6,15.2,Continuing-generation,Business,1
S00770,100.0,72.6,3,0.7,60.9,16.2,First-generation,Business,0
S00771,100.0,97.8,0,0.7,78.2,24.8,First-generation,STEM,1
S00772,98.4,75.0,0,10.6,100.0,8.3,First-generation,STEM,0
S00773,81.8,86.6,0,0.7,86.0,13.0,First-generation,Business,1
S00774,98.3,68.6,0,,60.8,,Continuing-generation,STEM,1
S00775,78.2,65.0,1,3.6,100.0,28.8,Continuing-generation,Business,1
S00776,81.0,71.3,1,5.9,51.6,11.5,First-generation,STEM,1
S00777,61.6,54.6,0,6.3,80.8,12.8,Continuing-generation,Arts,1
S00778,84.0,52.5,1,2.2,84.8,19.8,First-generation,STEM,1
S00779,78.9,83.7,1,4.2,60.1,11.7,Continuing-generation,Business,1
S00780,58.5,85.2,2,3.5,88.6,6.1,Continuing-generation,Business,1
S00781,77.2,52.1,2,4.0,66.7,24.8,First-generation,STEM,1
S00782,76.8,79.6,3,4.4,88.5,15.2,Continuing-generation,Business,1
S00783,100.0,64.8,0,5.2,42.9,8.9,Continuing-generation,Arts,1
S00784,91.4,70.8,2,2.6,82.0,3.8,First-generation,Business,1
S00785,78.2,72.4,0,8.2,68.6,1.0,Continuing-generation,STEM,1
S00786,,79.9,0,11.5,96.7,20.7,First-generation,Business,1
S00787,78.7,67.2,1,3.0,75.2,6.0,First-generation,STEM,1
S00788,75.0,85.7,0,13.8,98.5,1.9,Continuing-generation,Business,0
S00789,61.8,70.3,0,2.7,85.1,5.2,Continuing-generation,Business,1
S00790,75.7,74.7,1,4.2,73.7,17.6,Continuing-generation,Business,1
S00791,66.8,54.3,0,3.6,90.2,5.9,First-generation,STEM,1
S00792,59.2,96.2,1,,90.3,17.9,First-generation,STEM,1
S00793,85.7,72.6,2,7.6,84.5,7.4,First-generation,STEM,1
S00794,83.9,76.0,1,,34.7,13.0,Continuing-generation,STEM,1
S00795,51.2,43.5,0,,58.3,14.1,Continuing-generation,Business,1
S00796,76.2,54.5,0,2.5,100.0,23.7,Continuing-generation,Business,1
S00797,92.9,83.3,0,3.4,53.4,24.3,Continuing-generation,STEM,1
S00798,93.9,70.0,0,4.5,91.9,,Continuing-generation,STEM,0
S00799,93.4,39.2,1,2.2,88.7,4.6,First-generation,Business,1
S00800,78.6,80.5,0,2.4,62.9,33.9,Continuing-generation,Business,0
S00801,65.3,58.4,1,4.6,40.1,8.7,Continuing-generation,Arts,1
S00802,61.7,85.8,0,4.7,65.8,17.0,Continuing-generation,STEM,1
S00803,83.2,64.8,0,7.0,100.0,17.6,Continuing-generation,STEM,1
S00804,83.7,68.9,0,2.5,60.5,9.1,First-generation,STEM,1
S00805,97.3,82.5,0,5.5,,2.1,First-generation,Business,0
S00806,94.5,53.4,2,,58.0,1.5,Continuing-generation,Business,1
S00807,76.0,52.1,1,2.8,97.9,9.8,Continuing-generation,STEM,1
S00808,59.3,63.2,1,3.7,71.6,4.1,Continuing-generation,STEM,1
S00809,73.2,77.6,0,4.0,64.7,28.7,Continuing-generation,Business,0
S00810,81.3,47.4,1,1.4,100.0,9.4,First-generation,STEM,1
S00811,75.0,42.6,0,1.5,86.4,8.3,Continuing-generation,Business,1
S00812,69.3,77.5,0,6.0,59.5,53.0,Continuing-generation,STEM,1
S00813,81.8,57.6,0,3.0,54.0,12.9,First-generation,STEM,1
S00814,70.4,60.5,0,4.5,96.8,1.1,Continuing-generation,STEM,1
S00815,68.6,40.0,1,5.9,76.3,36.8,Continuing-generation,Arts,1
S00816,82.7,56.5,1,3.7,48.1,1.8,First-generation,STEM,1
S00817,72.0,65.9,0,5.6,43.9,18.3,First-generation,STEM,1
S00818,81.7,79.0,2,4.0,55.9,16.0,Continuing-generation,Arts,0
S00819,82.1,55.2,0,4.2,53.7,1.1,Continuing-generation,STEM,1
S00820,60.9,89.2,3,8.0,39.2,18.4,Continuing-generation,STEM,1
S00821,70.8,56.4,1,3.4,56.2,7.4,First-generation,STEM,1
S00822,99.6,56.4,0,6.0,59.5,21.6,First-generation,Business,1
S00823,60.6,87.5,2,1.2,67.7,6.8,First-generation,STEM,1
S00824,46.3,69.0,1,4.4,100.0,,First-generation,Arts,1
S00825,50.1,58.3,0,9.3,71.2,11.7,First-generation,Business,1
S00826,78.4,63.8,0,14.4,73.0,18.4,Continuing-generation,Business,0
S00827,78.5,84.9,4,1.3,85.2,21.3,First-generation,STEM,1
S00828,76.2,86.5,2,3.0,71.7,10.4,Continuing-generation,Arts,1
S00829,96.2,54.6,2,1.8,83.2,8.8,Continuing-generation,Arts,1
S00830,,65.4,0,3.5,81.1,20.8,Continuing-generation,Arts,0
S00831,,67.3,2,6.7,78.2,7.5,Continuing-generation,STEM,1
S00832,100.0,52.2,2,8.2,100.0,10.7,First-generation,Business,1
S00833,61.1,65.2,0,8.4,92.4,,Continuing-generation,Business,1
S00834,72.3,66.1,2,1.2,56.5,13.0,First-generation,Arts,1
S00835,66.7,82.0,1,4.0,82.7,24.3,First-generation,STEM,0
S00836,64.6,82.9,2,2.5,,6.3,Continuing-generation,Arts,1
S00837,73.1,61.4,3,3.4,84.0,18.2,First-generation,Business,1
S00838,99.4,63.0,0,2.7,51.2,10.9,First-generation,Arts,1
S00839,100.0,75.3,0,1.2,56.1,9.0,Continuing-generation,Business,1
S00840,73.0,57.8,1,8.2,82.2,,Continuing-generation,Arts,1
S00841,100.0,74.2,1,2.2,94.0,,First-generation,STEM,1
S00842,78.5,64.8,0,2.5,85.0,4.9,First-generation,STEM,1
S00843,100.0,52.4,2,9.3,91.4,10.0,First-generation,STEM,0
S00844,76.6,52.6,0,1.0,82.7,10.3,Continuing-generation,Arts,0
S00845,80.0,86.3,0,5.1,79.1,,Continuing-generation,STEM,0
S00846,83.5,63.8,1,7.3,66.9,10.3,First-generation,Business,1
S00847,100.0,89.0,0,8.9,90.6,19.6,Continuing-generation,Arts,0
S00848,90.8,58.8,1,4.9,94.4,11.2,Continuing-generation,Arts,0
S00849,67.4,70.1,1,6.1,74.9,27.9,Continuing-generation,Business,1
S00850,92.5,99.5,2,7.3,73.9,8.0,Continuing-generation,Arts,0
S00851,72.6,51.2,0,3.5,100.0,,Continuing-generation,STEM,1
S00852,70.7,39.4,2,2.0,75.6,19.6,Continuing-generation,Business,1
S00853,91.6,84.0,0,9.8,77.4,20.2,Continuing-generation,Business,0
S00854,78.5,54.4,0,5.7,84.7,13.2,First-generation,Arts,1
S00855,82.2,65.7,2,4.0,74.2,11.2,First-generation,STEM,1
S00856,78.2,57.8,0,1.3,61.2,20.4,First-generation,STEM,1
S00857,83.0,69.8,2,0.5,82.8,3.6,Continuing-generation,Business,1
S00858,84.4,52.7,0,5.1,75.3,17.5,First-generation,Business,1
S00859,48.9,63.5,0,0.4,100.0,44.4,Continuing-generation,Arts,1
S00860,88.0,72.3,2,3.9,90.2,6.5,First-generation,Business,1
S00861,63.3,51.9,1,,65.3,10.2,Continuing-generation,Arts,1
S00862,56.4,56.2,0,2.7,89.1,35.5,First-generation,Business,1
S00863,77.1,61.1,0,8.4,81.5,13.2,Continuing-generation,Arts,0
S00864,79.3,,2,,99.6,25.9,Continuing-generation,Business,1
S00865,67.6,60.1,0,4.1,66.6,18.5,Continuing-generation,STEM,1
S00866,,67.7,2,2.3,79.4,19.8,Continuing-generation,STEM,1
S00867,57.9,60.4,0,4.8,,6.1,Continuing-generation,Arts,0
S00868,71.9,62.2,3,4.3,,5.9,Continuing-generation,STEM,1
S00869,69.2,65.7,3,3.9,60.1,23.1,Continuing-generation,Business,1
S00870,77.3,56.8,0,7.3,86.4,2.3,Continuing-generation,STEM,1
S00871,82.2,75.7,2,1.1,83.5,10.6,Continuing-generation,Arts,1
S00872,62.9,86.1,0,0.8,99.1,,Continuing-generation,STEM,0
S00873,88.9,59.5,3,1.5,75.8,10.1,Continuing-generation,Business,0
S00874,,72.8,2,4.3,68.6,11.3,Continuing-generation,Business,1
S00875,49.6,62.6,0,5.3,90.2,27.0,Continuing-generation,STEM,1
S00876,,71.1,1,0.2,61.7,39.0,Continuing-generation,Business,1
S00877,77.8,87.9,2,5.3,95.5,73.0,First-generation,Arts,1
S00878,74.7,73.1,0,3.0,95.5,36.4,First-generation,Business,1
S00879,76.4,41.2,1,9.9,98.6,8.1,Continuing-generation,Arts,1
S00880,77.6,72.4,1,5.0,82.8,5.0,Continuing-generation,Arts,1
S00881,81.4,83.3,2,9.2,67.2,8.2,Continuing-generation,Business,1
S00882,92.2,62.9,0,8.2,78.0,20.7,Continuing-generation,Business,1
S00883,61.3,79.9,1,3.0,82.8,9.1,Continuing-generation,Arts,1
S00884,60.4,56.3,0,6.7,65.9,6.4,First-generation,Business,1
S00885,61.6,45.2,2,3.0,100.0,42.8,Continuing-generation,STEM,1
S00886,82.3,68.0,2,10.7,86.4,8.8,First-generation,Arts,0
S00887,96.7,41.4,1,3.2,59.9,19.3,Continuing-generation,Arts,1
S00888,71.5,62.6,0,5.5,100.0,18.9,Continuing-generation,Business,1
S00889,40.5,84.0,0,11.9,77.8,1.0,First-generation,STEM,0
S00890,52.4,39.3,1,5.6,56.3,40.8,Continuing-generation,Business,1
S00891,65.5,48.1,1,2.8,61.1,3.3,Continuing-generation,Business,1
S00892,69.6,51.6,1,1.4,100.0,2.0,First-generation,STEM,1
S00893,71.9,65.1,2,1.1,100.0,7.8,Continuing-generation,Business,1
S00894,78.6,60.9,0,5.2,94.2,5.1,Continuing-generation,Business,0
S00895,73.3,85.6,0,3.7,99.7,35.8,Continuing-generation,STEM,0
S00896,93.7,79.4,1,1.5,,16.5,First-generation,Business,0
S00897,67.9,72.9,1,6.2,86.0,7.1,First-generation,STEM,1
S00898,65.1,68.0,0,6.2,81.9,1.9,Continuing-generation,Arts,1
S00899,85.2,71.5,1,3.6,85.7,18.2,First-generation,STEM,1
S00900,55.0,53.9,0,9.5,89.2,9.7,First-generation,Arts,0
S00901,83.8,78.0,1,0.9,62.7,20.5,Continuing-generation,STEM,1
S00902,79.5,50.4,0,2.9,89.2,16.6,Continuing-generation,Arts,1
S00903,75.8,77.7,1,5.6,100.0,5.3,Continuing-generation,Arts,0
S00904,100.0,82.6,1,1.7,72.3,22.8,Continuing-generation,STEM,0
S00905,68.7,69.0,5,6.6,70.4,2.8,First-generation,Arts,1
S00906,100.0,63.5,0,7.9,84.6,9.3,First-generation,Business,0
S00907,74.6,71.6,1,0.3,64.3,10.6,Continuing-generation,Business,1
S00908,58.8,25.9,1,9.7,52.3,12.1,Continuing-generation,Arts,1
S00909,79.0,70.2,0,5.4,96.7,2.6,First-generation,Arts,1
S00910,61.9,64.4,1,2.6,67.9,34.4,Continuing-generation,Business,1
S00911,66.7,65.3,1,1.1,76.3,5.2,First-generation,Arts,1
S00912,84.0,75.9,0,,65.0,17.1,Continuing-generation,STEM,1
S00913,86.3,65.0,4,1.5,99.0,55.0,Continuing-generation,STEM,1
S00914,68.7,50.0,1,5.4,91.4,1.0,Continuing-generation,STEM,0
S00915,92.8,64.0,1,1.5,71.7,27.3,First-generation,STEM,1
S00916,95.4,66.9,0,3.9,54.8,12.9,First-generation,Business,1
S00917,99.5,67.6,2,7.0,69.8,2.7,Continuing-generation,STEM,1
S00918,85.9,68.3,2,2.7,86.3,10.5,Continuing-generation,Business,1
S00919,98.5,80.6,1,9.6,79.4,45.1,Continuing-generation,STEM,1
S00920,49.8,50.8,0,5.7,78.0,37.4,First-generation,STEM,1
S00921,73.2,68.5,1,1.7,79.8,83.4,Continuing-generation,Business,1
S00922,,84.1,0,1.2,89.7,23.7,First-generation,STEM,1
S00923,79.8,41.7,1,2.1,75.2,7.6,First-generation,Business,0
S00924,69.4,68.5,2,3.7,84.1,26.9,First-generation,Arts,1
S00925,75.5,57.8,1,10.2,58.2,5.9,First-generation,Business,1
S00926,100.0,60.8,1,11.4,100.0,11.4,First-generation,Arts,1
S00927,75.5,53.3,1,2.6,70.9,6.0,First-generation,Arts,1
S00928,84.2,63.6,1,2.5,79.7,23.6,Continuing-generation,STEM,1
S00929,74.5,91.8,0,,86.2,,Continuing-generation,Business,0
S00930,79.1,48.3,1,6.3,68.6,6.6,Continuing-generation,STEM,1
S00931,,49.6,1,8.7,76.1,32.2,First-generation,STEM,1
S00932,84.7,47.8,0,8.8,75.9,40.7,Continuing-generation,Business,1
S00933,95.5,90.2,0,2.0,59.5,7.7,First-generation,Business,0
S00934,100.0,59.5,0,1.0,83.9,18.6,First-generation,Arts,1
S00935,82.6,65.6,3,5.7,46.3,42.7,Continuing-generation,Business,1
S00936,86.8,60.4,1,4.5,100.0,17.1,Continuing-generation,Arts,1
S00937,60.7,52.8,0,0.6,90.3,9.3,Continuing-generation,Business,1
S00938,76.7,62.7,1,1.0,87.5,11.9,Continuing-generation,STEM,1
S00939,92.1,100.0,0,5.6,44.7,7.6,First-generation,STEM,0
S00940,91.0,85.5,1,3.5,61.7,33.0,First-generation,Business,1
S00941,81.2,54.1,1,5.6,100.0,29.8,Continuing-generation,Business,1
S00942,91.3,75.1,0,1.6,100.0,5.8,First-generation,STEM,1
S00943,85.4,54.4,0,5.9,97.5,7.1,First-generation,Business,1
S00944,96.0,41.1,0,4.9,94.7,2.1,First-generation,STEM,1
S00945,82.3,80.3,1,6.2,85.4,20.8,Continuing-generation,Business,0
S00946,72.7,82.2,2,,60.7,3.4,First-generation,STEM,1
S00947,83.0,80.6,0,2.3,93.9,60.9,First-generation,STEM,1
S00948,34.0,59.4,1,1.1,56.2,5.1,Continuing-generation,STEM,1
S00949,83.7,63.7,1,3.1,54.2,0.8,Continuing-generation,STEM,1
S00950,23.3,76.5,1,7.7,53.1,3.3,Continuing-generation,Business,1
S00951,52.1,71.5,0,9.1,93.6,16.7,Continuing-generation,Arts,1
S00952,84.8,60.5,0,1.5,75.0,11.7,First-generation,STEM,1
S00953,85.2,43.3,1,3.7,77.8,4.9,Continuing-generation,Business,0
S00954,60.6,67.6,0,10.3,75.7,11.1,First-generation,Business,1
S00955,67.3,81.1,0,11.2,55.7,6.7,Continuing-generation,Business,1
S00956,,49.2,1,3.0,63.9,20.4,First-generation,STEM,1
S00957,70.7,74.9,0,8.1,64.8,3.6,Continuing-generation,STEM,1
S00958,100.0,70.6,1,7.3,50.7,,Continuing-generation,Arts,0
S00959,78.0,76.5,0,6.9,66.9,15.1,First-generation,Arts,1
S00960,84.1,78.2,1,0.9,56.5,12.1,First-generation,Business,1
S00961,100.0,56.3,0,,86.4,18.3,Continuing-generation,Business,1
S00962,80.0,43.4,2,3.4,87.9,11.0,First-generation,STEM,1
S00963,63.0,58.5,2,3.4,52.7,,Continuing-generation,STEM,1
S00964,76.4,78.4,2,3.7,70.7,,First-generation,STEM,1
S00965,77.5,58.4,1,11.9,100.0,34.2,Continuing-generation,Business,0
S00966,57.5,56.3,0,3.1,58.3,14.5,Continuing-generation,STEM,1
S00967,74.2,40.5,2,5.0,83.7,32.5,Continuing-generation,STEM,1
S00968,66.9,90.5,1,4.9,77.9,6.9,Continuing-generation,STEM,1
S00969,91.9,77.6,0,3.7,95.7,4.2,Continuing-generation,STEM,0
S00970,78.5,76.8,3,1.6,81.3,23.3,Continuing-generation,STEM,1
S00971,73.8,79.5,0,4.1,68.2,12.3,Continuing-generation,Business,0
S00972,76.4,74.1,0,0.6,77.2,0.4,Continuing-generation,Business,1
S00973,81.3,62.6,0,5.4,77.5,5.6,Continuing-generation,Business,1
S00974,87.3,63.7,0,0.5,,16.7,First-generation,Business,1
S00975,63.0,60.0,2,5.1,52.3,11.3,First-generation,Arts,1
S00976,62.4,100.0,0,2.4,98.4,5.3,Continuing-generation,STEM,1
S00977,94.6,73.8,1,1.7,95.2,12.2,Continuing-generation,STEM,0
S00978,71.8,59.5,1,,57.2,14.2,First-generation,Arts,1
S00979,56.7,72.5,0,2.8,70.6,1.3,Continuing-generation,Business,1
S00980,84.7,51.8,0,4.0,71.9,31.8,First-generation,Business,1
S00981,85.0,87.1,1,0.9,55.2,37.7,Continuing-generation,STEM,0
S00982,55.0,56.7,1,9.5,42.4,5.6,Continuing-generation,STEM,1
S00983,81.4,73.0,0,,63.9,53.6,Continuing-generation,STEM,0
S00984,89.0,80.9,1,4.2,,11.4,Continuing-generation,Arts,0
S00985,83.6,71.4,0,5.5,50.1,6.3,Continuing-generation,Business,1
S00986,87.5,67.3,2,0.2,79.2,6.1,First-generation,STEM,1
S00987,56.9,66.2,0,10.1,96.9,50.9,Continuing-generation,STEM,1
S00988,83.0,65.2,4,3.0,91.2,3.7,First-generation,STEM,1
S00989,73.5,57.9,1,9.7,73.7,14.4,Continuing-generation,STEM,0
S00990,70.8,59.7,3,2.9,42.9,16.1,Continuing-generation,Business,1
S00991,91.1,86.7,0,2.4,88.9,23.4,First-generation,STEM,1
S00992,100.0,64.5,1,5.2,78.6,13.4,First-generation,Arts,1
S00993,100.0,55.0,1,13.5,83.6,48.1,Continuing-generation,Business,1
S00994,97.7,58.8,1,8.1,100.0,55.2,Continuing-generation,Arts,1
S00995,76.4,81.4,1,5.6,61.2,39.8,First-generation,Arts,1
S00996,83.3,75.5,2,,24.3,17.6,Continuing-generation,Arts,1
S00997,89.5,73.8,1,4.1,57.0,27.6,First-generation,Arts,1
S00998,79.8,62.4,0,9.5,84.7,9.2,Continuing-generation,STEM,1
S00999,80.0,74.0,3,6.5,76.5,32.7,Continuing-generation,STEM,0
S01000,90.4,57.0,0,1.1,54.1,6.8,First-generation,STEM,1
S01001,77.1,62.4,1,1.8,,4.5,Continuing-generation,Business,1
S01002,67.1,79.6,1,5.7,69.6,4.4,First-generation,Business,1
S01003,71.8,78.2,1,1.5,53.6,20.8,Continuing-generation,STEM,1
S01004,87.5,52.3,2,4.2,85.4,43.6,First-generation,Arts,1
S01005,78.0,54.0,2,6.8,68.6,46.4,Continuing-generation,Arts,1
S01006,83.1,67.5,0,5.2,64.7,29.0,First-generation,Business,1
S01007,88.1,90.2,1,1.3,62.4,4.2,Continuing-generation,Business,1
S01008,72.4,39.2,2,1.8,80.7,,First-generation,STEM,1
S01009,89.3,69.9,2,5.3,76.8,2.7,Continuing-generation,Business,1
S01010,83.7,46.7,0,12.5,79.6,1.3,First-generation,STEM,1
S01011,59.5,57.1,0,3.6,79.2,29.5,First-generation,Business,1
S01012,99.6,60.9,1,7.0,74.7,8.6,Continuing-generation,STEM,0
S01013,70.5,60.1,1,5.3,57.4,8.1,Continuing-generation,STEM,1
S01014,53.2,58.5,0,2.3,62.9,5.5,Continuing-generation,Business,1
S01015,62.3,66.1,1,7.1,,6.6,Continuing-generation,Business,1
S01016,62.7,58.5,1,0.9,100.0,30.6,Continuing-generation,STEM,1
S01017,78.8,45.5,1,,51.7,4.4,Continuing-generation,Arts,1
S01018,73.9,76.9,2,5.5,68.5,10.9,Continuing-generation,STEM,1
S01019,72.9,76.5,1,2.5,77.8,3.8,Continuing-generation,Arts,1
S01020,87.3,77.8,1,1.6,70.5,13.9,Continuing-generation,STEM,1
S01021,83.1,44.4,1,2.7,95.3,7.9,Continuing-generation,STEM,1
S01022,82.7,70.2,2,2.2,70.4,19.3,First-generation,Arts,1
S01023,84.1,75.5,0,3.2,71.8,21.6,Continuing-generation,Business,0
S01024,87.2,51.6,0,2.9,90.7,44.2,Continuing-generation,Business,1
S01025,46.4,66.1,0,2.5,100.0,68.6,First-generation,Business,1
S01026,72.5,64.4,2,0.8,100.0,6.2,First-generation,STEM,1
S01027,45.3,91.8,1,1.4,73.5,23.8,First-generation,Arts,1
S01028,78.5,92.9,0,,75.1,7.8,Continuing-generation,STEM,0
S01029,77.9,42.7,1,2.6,76.8,21.0,Continuing-generation,Arts,1
S01030,93.7,,0,3.2,78.6,20.3,First-generation,Arts,1
S01031,95.8,53.2,1,2.8,,19.7,Continuing-generation,Arts,1
S01032,81.0,79.7,3,9.6,92.9,25.4,Continuing-generation,Business,0
S01033,,79.6,1,2.2,79.7,14.8,Continuing-generation,Business,1
S01034,,52.1,1,2.0,75.2,8.6,First-generation,Business,0
S01035,70.1,72.9,1,5.6,53.1,14.1,First-generation,STEM,1
S01036,78.0,64.5,2,4.4,77.1,64.8,First-generation,Arts,1
S01037,92.8,73.8,1,5.7,41.9,7.0,Continuing-generation,Business,0
S01038,69.6,69.2,0,5.4,65.5,9.4,First-generation,Business,1
S01039,90.1,82.7,1,7.2,65.9,5.6,First-generation,Arts,1
S01040,88.2,67.1,0,1.3,81.2,0.9,Continuing-generation,STEM,1
S01041,63.7,63.6,0,5.2,100.0,11.9,Continuing-generation,Arts,1
S01042,92.6,81.3,0,2.0,86.3,22.3,First-generation,Arts,1
S01043,88.5,74.1,3,0.6,100.0,4.6,Continuing-generation,STEM,1
S01044,79.5,76.2,2,5.4,87.6,38.9,First-generation,STEM,0
S01045,66.6,56.7,0,5.2,96.3,18.8,First-generation,Business,1
S01046,65.1,51.4,0,3.8,100.0,30.8,Continuing-generation,STEM,1
S01047,69.9,58.1,2,7.3,62.8,17.2,First-generation,Arts,1
S01048,86.1,57.3,1,2.1,61.7,10.9,First-generation,STEM,1
S01049,63.7,77.0,0,6.0,,8.8,Continuing-generation,STEM,1
S01050,84.6,79.7,2,3.5,,16.6,Continuing-generation,STEM,0
S01051,59.4,63.8,2,3.7,80.0,18.0,First-generation,Arts,0
S01052,74.9,86.0,2,0.7,71.5,7.5,Continuing-generation,Business,1
S01053,79.6,85.2,2,7.3,65.3,10.6,First-generation,Arts,1
S01054,100.0,69.4,0,5.1,100.0,55.5,Continuing-generation,Arts,0
S01055,57.3,,2,5.9,56.2,,Continuing-generation,Business,1
S01056,100.0,88.1,0,1.8,88.4,15.7,Continuing-generation,STEM,0
S01057,80.2,65.1,1,4.7,85.4,45.5,Continuing-generation,STEM,1
S01058,84.2,67.8,0,3.4,47.6,18.2,First-generation,Arts,1
S01059,79.8,61.2,4,5.2,61.0,,First-generation,STEM,1
S01060,84.7,53.5,1,4.5,64.1,30.1,Continuing-generation,Arts,1
S01061,,45.4,0,10.8,86.2,24.7,First-generation,Arts,1
S01062,99.8,74.9,3,8.7,69.4,16.1,Continuing-generation,Business,1
S01063,,55.0,3,3.2,74.5,17.4,Continuing-generation,Business,1
S01064,95.0,100.0,1,5.4,49.8,9.6,First-generation,Arts,1
S01065,68.3,50.8,3,,100.0,3.5,Continuing-generation,Arts,1
S01066,77.1,48.4,0,7.1,77.3,21.8,Continuing-generation,Business,0
S01067,61.9,73.1,0,3.6,85.0,1.9,Continuing-generation,Business,1
S01068,84.8,87.4,3,2.7,66.3,3.7,Continuing-generation,Business,0
S01069,99.7,66.9,1,4.6,64.3,10.5,Continuing-generation,STEM,1
S01070,76.8,74.0,1,8.3,100.0,9.5,First-generation,Arts,0
S01071,75.0,40.2,1,7.5,41.5,23.9,Continuing-generation,Business,1
S01072,,56.5,1,2.8,81.0,29.3,Continuing-generation,Arts,1
S01073,74.6,51.0,0,10.2,54.2,61.6,First-generation,STEM,1
S01074,54.1,39.5,0,1.9,68.7,1.5,Continuing-generation,Arts,1
S01075,64.3,67.6,3,2.4,64.5,19.6,Continuing-generation,STEM,1
S01076,81.4,34.6,1,,58.3,18.9,First-generation,Business,1
S01077,97.8,47.5,1,0.6,76.6,16.9,First-generation,STEM,1
S01078,100.0,58.5,3,4.0,29.8,21.8,Continuing-generation,Arts,1
S01079,69.2,54.4,1,3.2,70.3,,Continuing-generation,Business,1
S01080,99.5,71.5,0,10.6,74.4,39.9,First-generation,Business,1
S01081,81.7,70.3,2,1.6,51.5,17.3,Continuing-generation,STEM,1
S01082,75.7,78.5,0,1.8,100.0,49.7,First-generation,STEM,1
S01083,84.5,76.5,4,11.5,65.3,17.5,Continuing-generation,STEM,0
S01084,78.9,82.0,4,3.2,71.7,8.2,Continuing-generation,STEM,1
S01085,79.7,66.0,2,8.1,65.3,16.1,First-generation,Business,1
S01086,,70.2,0,2.8,74.5,5.1,Continuing-generation,Business,1
S01087,57.0,73.2,2,2.4,99.5,5.4,Continuing-generation,STEM,1
S01088,54.8,68.0,2,8.4,100.0,11.4,First-generation,Business,1
S01089,,60.4,1,13.2,89.4,9.8,First-generation,STEM,1
S01090,73.8,61.3,2,8.8,95.6,39.0,Continuing-generation,STEM,1
S01091,69.1,54.6,3,2.7,100.0,11.2,First-generation,Arts,1
S01092,78.1,71.9,2,3.8,80.5,4.3,Continuing-generation,Business,1
S01093,89.9,64.7,2,1.9,100.0,13.5,Continuing-generation,Business,1
S01094,,56.7,1,2.1,90.3,17.3,First-generation,Arts,1
S01095,68.2,56.7,0,2.1,78.6,14.8,First-generation,Arts,1
S01096,96.4,49.1,0,,82.3,4.0,First-generation,Business,1
S01097,100.0,,1,,43.2,42.4,First-generation,Business,0
S01098,85.4,67.1,2,4.0,81.3,1.2,Continuing-generation,Arts,1
S01099,92.6,53.9,0,6.3,48.2,14.6,Continuing-generation,Arts,1
S01100,96.6,77.3,0,4.4,46.7,3.9,First-generation,STEM,0
S01101,95.0,58.2,1,5.9,79.5,31.5,Continuing-generation,Business,1
S01102,87.2,46.3,2,6.5,55.9,19.7,Continuing-generation,Arts,1
S01103,87.0,80.3,0,2.7,75.9,17.3,First-generation,Arts,0
S01104,,58.5,0,3.5,78.5,10.4,Continuing-generation,STEM,1
S01105,61.5,60.3,1,20.0,79.3,39.6,First-generation,Business,1
S01106,88.5,66.6,0,2.6,59.7,10.4,Continuing-generation,Business,1
S01107,57.7,82.0,2,6.1,92.2,53.2,First-generation,STEM,1
S01108,66.1,,0,1.4,74.4,5.3,Continuing-generation,Business,1
S01109,97.6,49.2,1,6.7,83.9,13.5,Continuing-generation,Business,1
S01110,90.6,73.6,0,2.2,54.5,,First-generation,STEM,1
S01111,100.0,59.2,1,4.1,72.8,20.9,Continuing-generation,STEM,1
S01112,73.9,92.4,2,1.2,95.8,12.6,First-generation,Arts,1
S01113,60.7,66.0,0,3.8,93.5,1.5,First-generation,Arts,1
S01114,74.4,34.7,3,3.8,61.6,15.6,First-generation,Arts,1
S01115,79.5,71.0,0,3.4,66.2,9.2,Continuing-generation,Arts,1
S01116,79.2,93.2,0,5.3,58.2,7.0,Continuing-generation,Arts,1
S01117,95.0,88.1,2,7.9,64.2,26.5,Continuing-generation,Business,0
S01118,72.6,91.6,1,1.8,50.8,1.1,Continuing-generation,STEM,1
S01119,83.3,51.7,1,3.5,73.5,13.0,Continuing-generation,Arts,1
S01120,63.2,78.8,2,1.2,87.4,21.0,Continuing-generation,Business,1
S01121,84.8,55.9,0,0.8,61.9,26.8,Continuing-generation,STEM,1
S01122,78.0,69.1,2,4.4,74.4,15.4,Continuing-generation,Arts,1
S01123,66.8,48.2,0,1.7,72.0,8.3,Continuing-generation,STEM,1
S01124,74.5,57.0,1,3.9,95.0,39.1,Continuing-generation,Arts,1
S01125,75.2,56.5,0,4.5,65.0,41.2,First-generation,Business,1
S01126,73.9,78.6,0,0.9,65.6,18.1,Continuing-generation,STEM,1
S01127,100.0,77.2,0,5.0,60.8,46.2,Continuing-generation,Arts,1
S01128,76.5,69.9,1,7.7,55.5,5.2,Continuing-generation,Arts,1
S01129,74.3,,0,5.8,85.5,11.8,First-generation,Business,1
S01130,46.5,61.6,1,1.8,73.6,0.4,First-generation,Business,1
S01131,64.6,55.6,0,3.8,77.0,3.5,Continuing-generation,STEM,1
S01132,74.1,78.2,0,4.1,98.9,3.1,Continuing-generation,STEM,0
S01133,67.7,82.5,3,3.5,100.0,,Continuing-generation,STEM,1
S01134,98.7,80.8,0,1.3,46.4,,Continuing-generation,STEM,1
S01135,75.5,55.4,0,2.1,87.7,6.5,Continuing-generation,STEM,1
S01136,97.3,27.6,1,3.3,80.1,7.4,Continuing-generation,Business,1
S01137,78.9,41.3,2,4.5,67.7,2.7,First-generation,STEM,1
S01138,78.6,85.9,1,2.5,81.9,14.3,First-generation,Business,0
S01139,76.7,60.4,1,0.7,,16.8,Continuing-generation,STEM,0
S01140,78.1,55.5,2,2.7,100.0,1.8,First-generation,STEM,1
S01141,100.0,89.0,1,10.8,85.3,23.8,Continuing-generation,Arts,0
S01142,43.2,83.7,0,5.0,60.4,4.8,Continuing-generation,Arts,1
S01143,48.0,66.3,2,4.4,65.5,7.3,First-generation,Arts,1
S01144,69.9,61.9,2,2.1,45.3,19.8,Continuing-generation,STEM,1
S01145,78.2,64.2,0,2.8,70.3,7.4,First-generation,Business,1
S01146,88.4,69.2,1,0.6,67.3,3.6,Continuing-generation,STEM,1
S01147,85.1,88.4,1,1.9,52.1,13.5,First-generation,Business,1
S01148,72.2,71.9,0,4.9,90.0,31.8,Continuing-generation,Arts,1
S01149,93.3,76.2,3,4.4,99.0,28.7,Continuing-generation,STEM,1
S01150,93.5,82.4,0,2.4,75.5,6.6,Continuing-generation,Arts,1
S01151,80.8,49.6,1,3.5,70.5,4.4,First-generation,Business,1
S01152,92.4,76.6,1,4.0,83.8,5.6,First-generation,STEM,1
S01153,82.1,61.9,1,2.5,75.6,29.0,First-generation,STEM,1
S01154,69.6,30.8,3,5.2,56.5,5.5,First-generation,Arts,1
S01155,88.5,36.2,1,4.4,,44.4,First-generation,Business,1
S01156,79.7,51.7,0,2.8,70.7,19.6,Continuing-generation,STEM,1
S01157,78.0,73.4,0,1.4,80.5,12.1,First-generation,STEM,1
S01158,100.0,67.6,0,2.7,76.2,6.5,First-generation,Arts,1
S01159,41.2,68.6,1,2.5,79.8,13.7,First-generation,STEM,1
S01160,56.7,93.3,1,2.4,48.6,3.6,Continuing-generation,Arts,1
S01161,60.2,48.2,2,0.9,88.0,1.9,Continuing-generation,Business,1
S01162,72.6,65.6,0,9.0,76.1,19.8,Continuing-generation,STEM,1
S01163,74.2,70.3,1,8.7,100.0,12.0,Continuing-generation,STEM,1
S01164,55.4,55.7,0,3.4,69.0,24.5,Continuing-generation,Arts,1
S01165,63.2,66.4,0,4.5,81.8,16.3,Continuing-generation,Business,1
S01166,65.1,43.6,1,5.2,100.0,6.4,First-generation,STEM,1
S01167,100.0,85.7,1,3.5,79.5,28.7,Continuing-generation,STEM,0
S01168,100.0,56.5,1,4.7,74.8,7.2,First-generation,Arts,0
S01169,71.8,94.4,0,5.7,58.2,35.6,Continuing-generation,Business,1
S01170,72.5,65.5,1,4.2,100.0,7.0,Continuing-generation,Business,1
S01171,60.8,80.4,1,6.3,55.1,2.4,Continuing-generation,STEM,1
S01172,49.4,65.3,1,2.3,83.7,40.8,Continuing-generation,Business,1
S01173,76.2,65.6,0,3.7,67.5,6.7,Continuing-generation,Arts,1
S01174,63.0,57.8,0,17.2,72.6,7.3,Continuing-generation,STEM,1
S01175,76.7,67.7,1,7.3,50.4,2.6,Continuing-generation,Arts,0
S01176,54.0,70.5,1,4.3,100.0,11.1,Continuing-generation,Arts,1
S01177,66.6,55.0,1,1.8,71.0,,Continuing-generation,STEM,1
S01178,80.2,64.2,2,3.9,54.1,38.9,Continuing-generation,Arts,1
S01179,83.5,57.5,0,7.0,98.5,8.5,First-generation,Business,0
S01180,84.3,98.2,3,6.1,66.9,4.5,First-generation,Business,1
S01181,58.2,64.7,1,0.7,82.0,13.1,Continuing-generation,STEM,1
S01182,90.8,87.6,0,1.0,91.1,,First-generation,Arts,1
S01183,66.0,63.3,1,1.0,84.5,13.6,First-generation,Business,1
S01184,87.5,69.6,2,5.2,36.5,9.8,First-generation,Arts,1
S01185,77.8,47.5,1,1.0,88.5,12.8,Continuing-generation,STEM,1
S01186,57.4,59.7,0,1.7,74.2,25.6,Continuing-generation,STEM,1
S01187,73.3,68.9,1,3.4,70.1,23.7,Continuing-generation,Arts,1
S01188,83.5,88.2,1,7.7,74.0,15.9,Continuing-generation,Business,1
S01189,87.2,69.1,3,5.4,47.0,29.7,First-generation,STEM,1
S01190,75.9,85.4,1,3.1,79.5,13.5,Continuing-generation,Arts,1
S01191,100.0,75.0,3,6.4,51.4,10.6,Continuing-generation,STEM,1
S01192,93.1,88.8,0,12.7,70.9,13.2,Continuing-generation,Arts,0
S01193,74.2,65.2,1,3.9,78.8,7.0,Continuing-generation,Arts,1
S01194,89.3,99.5,0,1.3,95.3,26.0,Continuing-generation,STEM,0
S01195,100.0,59.2,1,1.8,61.2,6.7,First-generation,Business,1
S01196,100.0,55.3,4,1.8,100.0,17.4,First-generation,Arts,0
S01197,59.6,49.1,0,2.1,93.0,5.5,Continuing-generation,Arts,1
S01198,64.1,98.6,1,2.9,68.3,,Continuing-generation,Business,1
S01199,,77.5,0,4.6,56.0,12.1,Continuing-generation,Business,0
S01200,62.1,61.3,0,1.1,50.0,25.9,First-generation,Business,1
S01201,58.2,83.5,5,1.3,80.9,0.9,Continuing-generation,STEM,1
S01202,70.7,75.6,3,5.6,62.7,6.6,Continuing-generation,Business,1
S01203,84.3,93.5,0,2.6,97.6,4.3,Continuing-generation,STEM,1
S01204,76.5,44.3,1,1.9,63.8,77.6,Continuing-generation,STEM,1
S01205,68.2,62.3,1,3.2,59.8,7.9,Continuing-generation,STEM,1
S01206,67.9,59.5,0,8.6,80.2,1.9,Continuing-generation,Arts,1
S01207,67.3,38.4,0,6.1,63.7,,Continuing-generation,STEM,1
S01208,64.8,80.8,3,5.9,76.2,3.9,Continuing-generation,STEM,1
S01209,100.0,62.2,0,10.5,93.7,28.2,Continuing-generation,STEM,0
S01210,82.5,76.4,1,,78.1,32.2,Continuing-generation,STEM,1
S01211,91.3,99.0,0,11.1,78.2,4.4,First-generation,Arts,0
S01212,70.7,61.1,3,11.7,79.7,5.7,First-generation,Business,0
S01213,75.2,,1,1.2,45.5,15.7,Continuing-generation,STEM,1
S01214,67.3,67.7,0,,83.1,28.9,First-generation,Arts,1
S01215,38.2,79.8,1,1.7,,17.4,Continuing-generation,STEM,1
S01216,57.3,58.1,2,8.0,92.1,7.9,First-generation,Business,1
S01217,50.8,57.2,0,3.2,86.9,2.5,First-generation,Arts,1
S01218,44.3,80.8,0,2.9,72.4,47.5,Continuing-generation,Arts,1
S01219,60.1,,0,6.5,94.6,17.7,First-generation,STEM,1
S01220,97.9,37.4,3,2.5,70.7,55.6,Continuing-generation,Business,1
S01221,77.3,,1,4.3,80.4,20.1,Continuing-generation,Business,1
S01222,97.4,87.0,1,5.6,70.4,50.0,Continuing-generation,Business,1
S01223,84.2,71.6,2,1.8,84.3,5.1,Continuing-generation,STEM,1
S01224,89.7,55.3,0,1.5,69.2,5.6,First-generation,Arts,1
S01225,64.5,63.6,0,3.9,100.0,10.2,Continuing-generation,Business,0
S01226,85.9,66.2,1,4.2,100.0,4.6,First-generation,Business,0
S01227,88.9,76.3,0,6.2,91.7,1.4,Continuing-generation,Arts,1
S01228,69.4,47.0,0,1.6,100.0,6.3,Continuing-generation,Arts,1
S01229,86.4,54.2,2,2.2,48.3,19.8,First-generation,Arts,1
S01230,86.5,69.8,0,11.6,50.4,2.9,Continuing-generation,STEM,1
S01231,69.8,64.6,0,7.2,70.2,3.4,Continuing-generation,STEM,0
S01232,61.2,74.0,1,3.5,76.7,6.7,Continuing-generation,Business,1
S01233,60.2,48.8,0,7.9,72.4,4.0,First-generation,STEM,1
S01234,79.3,71.0,1,1.7,46.4,7.2,Continuing-generation,Business,1
S01235,82.9,81.3,0,,96.7,11.0,First-generation,Business,0
S01236,66.1,,2,4.2,100.0,3.2,Continuing-generation,Business,1
S01237,78.4,67.9,0,2.9,99.1,6.9,Continuing-generation,STEM,0
S01238,86.6,64.7,1,3.0,95.5,12.0,Continuing-generation,Arts,1
S01239,87.3,54.3,0,6.0,80.1,4.9,Continuing-generation,Business,1
S01240,100.0,65.0,2,7.2,60.8,2.5,Continuing-generation,Business,0
S01241,97.2,83.6,1,2.7,77.3,5.3,Continuing-generation,Business,0
S01242,63.0,64.3,1,1.2,100.0,8.4,Continuing-generation,STEM,1
S01243,100.0,53.5,0,1.0,69.7,1.3,Continuing-generation,Business,1
S01244,70.0,59.1,1,0.6,67.8,20.1,First-generation,STEM,1
S01245,93.7,68.8,2,10.4,95.9,8.9,Continuing-generation,Business,1
S01246,79.0,60.8,2,6.0,97.1,5.3,First-generation,STEM,1
S01247,71.8,72.8,0,5.2,60.7,1.7,Continuing-generation,STEM,1
S01248,50.9,73.3,1,2.4,71.3,17.9,Continuing-generation,STEM,1
S01249,,78.4,1,2.4,67.0,32.4,First-generation,STEM,1
S01250,54.6,85.9,2,7.4,77.3,,Continuing-generation,Arts,1
S01251,92.5,79.9,1,0.9,95.9,51.9,First-generation,Arts,1
S01252,100.0,52.9,1,2.8,61.5,11.4,First-generation,STEM,1
S01253,66.0,53.4,0,8.1,95.6,11.9,Continuing-generation,STEM,1
S01254,82.5,64.9,0,2.8,77.8,,Continuing-generation,Arts,0
S01255,67.1,59.7,1,5.8,100.0,18.7,Continuing-generation,STEM,1
S01256,68.6,50.1,0,3.6,81.7,2.9,Continuing-generation,Business,1
S01257,89.6,59.8,0,0.2,74.3,6.3,First-generation,STEM,1
S01258,77.4,59.4,0,3.4,86.3,28.8,First-generation,Business,1
S01259,100.0,56.6,0,3.9,69.9,19.1,Continuing-generation,Arts,1
S01260,70.8,61.6,1,3.3,43.7,52.2,Continuing-generation,STEM,1
S01261,,82.5,0,1.4,71.7,16.6,First-generation,Arts,1
S01262,79.5,68.8,2,3.3,71.4,19.6,Continuing-generation,Arts,0
S01263,89.9,100.0,0,0.6,47.3,5.3,Continuing-generation,Arts,1
S01264,71.3,68.4,0,2.7,,32.0,Continuing-generation,Arts,1
S01265,77.3,61.9,1,6.1,38.8,0.3,Continuing-generation,Arts,1
S01266,76.3,66.1,0,10.0,69.7,13.9,First-generation,Business,1
S01267,65.5,69.6,1,9.0,80.4,20.2,Continuing-generation,Arts,1
S01268,87.9,72.1,0,1.6,77.7,15.6,First-generation,STEM,1
S01269,,95.1,0,1.0,68.6,11.5,Continuing-generation,Business,1
S01270,86.9,54.2,2,4.2,74.5,10.3,First-generation,Business,1
S01271,100.0,78.0,1,3.8,61.9,12.0,First-generation,STEM,1
S01272,99.7,68.9,4,5.5,76.2,3.5,First-generation,STEM,0
S01273,72.4,44.0,0,2.3,77.0,15.5,First-generation,STEM,1
S01274,83.6,76.8,1,3.9,59.8,5.4,Continuing-generation,STEM,1
S01275,68.6,83.7,1,3.7,80.8,6.6,First-generation,STEM,1
S01276,78.4,54.0,0,2.8,80.7,3.0,Continuing-generation,STEM,1
S01277,69.0,65.9,2,0.8,73.0,90.5,Continuing-generation,STEM,1
S01278,100.0,41.8,0,6.1,100.0,14.5,First-generation,Business,1
S01279,83.5,48.4,2,,73.5,2.2,Continuing-generation,STEM,1
S01280,74.7,80.7,1,6.4,71.0,13.2,First-generation,STEM,1
S01281,95.9,59.5,0,7.4,68.4,31.7,Continuing-generation,STEM,0
S01282,45.4,50.5,2,3.5,58.5,15.3,First-generation,Business,1
S01283,47.8,69.2,1,6.1,88.3,11.2,Continuing-generation,STEM,1
S01284,89.9,58.7,2,10.2,63.6,4.9,First-generation,Arts,1
S01285,78.9,59.4,0,12.3,65.8,15.4,First-generation,STEM,1
S01286,81.8,,1,4.6,66.3,23.0,First-generation,STEM,1
S01287,58.1,49.7,0,4.9,58.3,23.2,Continuing-generation,Business,1
S01288,77.7,,2,4.6,44.5,14.1,Continuing-generation,Arts,1
S01289,100.0,68.2,0,5.4,67.7,14.0,Continuing-generation,Business,1
S01290,90.4,79.6,2,,91.7,36.0,First-generation,STEM,1
S01291,80.5,83.3,2,4.5,79.5,33.1,First-generation,Business,0
S01292,71.4,56.7,0,11.9,100.0,9.7,Continuing-generation,Business,1
S01293,72.1,79.1,0,10.8,,48.8,Continuing-generation,Business,0
S01294,46.1,55.0,1,3.9,85.4,2.3,Continuing-generation,Arts,1
S01295,81.9,91.6,1,,100.0,14.7,Continuing-generation,Arts,0
S01296,90.7,50.1,0,2.7,74.3,16.1,Continuing-generation,Business,1
S01297,54.4,84.6,2,5.6,77.1,4.5,First-generation,STEM,1
S01298,68.1,56.8,1,,75.8,1.6,Continuing-generation,Business,1
S01299,60.6,94.2,0,2.6,100.0,4.7,First-generation,Arts,1
S01300,63.5,74.3,0,5.5,76.0,27.0,Continuing-generation,Arts,0
S01301,78.8,51.8,1,1.5,64.3,27.6,First-generation,STEM,1
S01302,46.7,58.7,0,7.3,86.6,21.9,Continuing-generation,STEM,1
S01303,87.2,76.9,0,5.7,61.3,5.5,Continuing-generation,STEM,0
S01304,89.3,80.7,1,10.4,85.6,27.9,Continuing-generation,Arts,1
S01305,74.2,65.0,1,,83.4,5.9,Continuing-generation,Business,1
S01306,40.8,66.6,1,,72.6,15.5,Continuing-generation,STEM,1
S01307,63.1,76.6,0,6.8,86.2,11.9,Continuing-generation,STEM,0
S01308,96.5,67.8,2,8.5,49.2,8.0,Continuing-generation,STEM,1
S01309,36.3,47.9,1,4.3,78.9,21.0,Continuing-generation,Arts,1
S01310,72.8,54.6,0,2.6,67.7,24.7,First-generation,STEM,1
S01311,60.3,69.3,1,4.7,100.0,5.1,Continuing-generation,STEM,1
S01312,90.1,83.0,1,7.3,78.8,12.6,First-generation,Business,0
S01313,67.9,88.6,1,7.9,65.3,23.6,Continuing-generation,Business,0
S01314,84.1,76.9,1,0.8,51.2,17.4,First-generation,Business,1
S01315,86.5,70.0,2,19.0,99.5,24.0,Continuing-generation,Arts,0
S01316,100.0,76.5,0,2.6,69.7,18.1,Continuing-generation,STEM,0
S01317,75.0,56.7,0,6.3,61.8,18.9,Continuing-generation,STEM,1
S01318,83.6,63.9,0,9.2,82.1,11.1,Continuing-generation,STEM,1
S01319,55.7,54.5,1,3.7,87.7,22.6,First-generation,Business,1
S01320,95.9,48.5,2,8.1,87.4,2.8,Continuing-generation,Arts,1
S01321,66.6,70.7,0,0.8,76.4,4.7,Continuing-generation,STEM,0
S01322,69.6,68.6,0,8.3,78.9,18.6,Continuing-generation,Arts,1
S01323,77.7,75.6,1,7.6,80.2,22.7,Continuing-generation,Business,0
S01324,54.6,73.6,0,5.2,82.1,31.9,First-generation,Arts,1
S01325,81.4,69.4,3,,83.6,43.3,Continuing-generation,Business,1
S01326,92.5,73.8,1,,95.7,5.6,First-generation,STEM,0
S01327,82.4,65.4,1,9.3,77.0,3.4,Continuing-generation,Arts,1
S01328,,71.8,3,3.8,61.3,26.4,Continuing-generation,Arts,1
S01329,76.1,55.8,1,4.7,73.4,7.7,First-generation,Business,1
S01330,89.1,71.2,1,3.4,89.6,11.6,Continuing-generation,Arts,1
S01331,49.8,75.4,0,3.1,43.8,24.3,Continuing-generation,STEM,1
S01332,61.9,,1,6.8,43.9,14.6,Continuing-generation,Business,1
S01333,91.1,66.7,1,3.4,92.5,22.0,First-generation,STEM,1
S01334,82.1,57.3,1,6.8,100.0,5.0,Continuing-generation,Business,1
S01335,84.2,58.6,0,3.7,53.2,16.2,Continuing-generation,STEM,1
S01336,100.0,50.3,1,4.1,77.8,15.9,Continuing-generation,STEM,1
S01337,85.0,83.7,1,2.0,68.8,31.4,Continuing-generation,STEM,1
S01338,87.9,80.9,0,6.7,71.3,37.2,First-generation,Business,0
S01339,100.0,73.5,1,0.8,81.5,7.5,Continuing-generation,Arts,1
S01340,74.8,93.6,2,8.5,52.7,4.0,First-generation,STEM,1
S01341,66.0,63.4,1,14.8,56.1,23.2,First-generation,Business,1
S01342,84.4,100.0,1,4.2,70.6,1.4,Continuing-generation,STEM,0
S01343,84.6,62.8,2,4.1,73.4,24.6,Continuing-generation,STEM,1
S01344,70.1,69.6,1,1.1,55.7,26.2,Continuing-generation,STEM,1
S01345,,60.4,5,2.7,90.2,6.9,First-generation,Business,1
S01346,100.0,,3,7.3,,0.2,First-generation,Arts,1
S01347,82.9,,1,8.0,68.4,28.5,Continuing-generation,Business,0
S01348,67.0,64.4,1,4.6,,39.3,First-generation,Business,1
S01349,91.7,90.9,0,7.0,73.7,37.2,Continuing-generation,Business,1
S01350,76.4,69.3,1,2.1,91.1,38.2,Continuing-generation,STEM,0
S01351,74.2,69.8,2,5.3,59.2,2.5,First-generation,STEM,1
S01352,86.4,53.3,1,9.9,50.8,13.0,Continuing-generation,STEM,1
S01353,58.6,71.9,2,6.0,70.4,15.8,Continuing-generation,Business,1
S01354,83.3,64.1,1,10.9,77.1,13.7,Continuing-generation,Arts,0
S01355,100.0,57.5,2,11.1,53.7,22.2,First-generation,Business,1
S01356,85.0,55.1,1,5.6,51.0,3.7,Continuing-generation,Business,0
S01357,72.4,100.0,1,0.1,79.3,1.3,Continuing-generation,STEM,1
S01358,70.4,62.3,0,7.9,62.4,0.7,Continuing-generation,STEM,1
S01359,71.8,45.6,1,1.4,49.9,29.0,First-generation,Arts,1
S01360,74.2,56.2,2,0.2,93.4,2.4,First-generation,STEM,1
S01361,72.3,65.3,0,0.7,64.6,13.6,Continuing-generation,Business,1
S01362,91.7,73.7,2,8.3,96.7,6.5,Continuing-generation,STEM,1
S01363,,73.8,1,5.6,76.5,6.9,Continuing-generation,STEM,1
S01364,90.9,75.5,1,4.7,81.3,10.0,Continuing-generation,STEM,0
S01365,72.3,57.0,0,6.0,72.2,7.2,First-generation,Arts,0
S01366,83.7,70.8,0,0.7,28.2,1.3,Continuing-generation,STEM,1
S01367,61.1,53.7,4,3.4,55.5,10.1,First-generation,Business,1
S01368,97.9,57.3,0,2.4,73.7,5.1,First-generation,STEM,1
S01369,96.7,53.2,3,4.4,82.6,4.8,First-generation,Business,1
S01370,92.4,49.4,4,4.5,43.8,,Continuing-generation,Business,1
S01371,55.3,80.9,0,5.8,75.0,1.9,First-generation,Business,0
S01372,90.4,75.6,1,,55.8,9.6,Continuing-generation,STEM,1
S01373,84.1,79.7,2,0.7,80.2,14.8,Continuing-generation,STEM,1
S01374,53.9,,0,3.4,75.7,48.5,First-generation,Arts,1
S01375,77.6,76.9,1,4.0,89.4,3.2,Continuing-generation,Business,1
S01376,83.5,41.3,0,1.4,95.2,35.7,First-generation,STEM,1
S01377,86.3,78.1,1,1.2,84.3,10.0,Continuing-generation,STEM,1
S01378,80.7,68.5,1,0.7,91.5,10.4,Continuing-generation,STEM,1
S01379,82.4,74.8,2,1.1,69.7,21.1,Continuing-generation,Business,1
S01380,100.0,71.3,0,7.0,100.0,40.3,Continuing-generation,Business,0
S01381,96.4,52.2,2,0.9,,7.1,Continuing-generation,STEM,1
S01382,35.0,45.0,0,1.0,66.5,15.8,First-generation,Business,1
S01383,73.2,56.0,0,4.3,92.2,13.9,First-generation,Business,1
S01384,75.5,,1,5.3,89.5,13.3,Continuing-generation,Arts,1
S01385,51.7,75.7,1,3.9,84.8,24.3,Continuing-generation,Business,0
S01386,79.4,46.8,3,1.6,88.2,5.5,First-generation,Business,1
S01387,96.7,52.3,1,1.3,38.5,8.2,First-generation,Arts,1
S01388,61.7,55.9,0,4.2,100.0,1.4,Continuing-generation,STEM,1
S01389,83.0,61.0,1,3.6,72.3,19.7,Continuing-generation,Business,1
S01390,64.3,46.9,0,,98.4,12.7,First-generation,STEM,1
S01391,67.9,46.1,1,6.8,39.4,39.5,Continuing-generation,STEM,1
S01392,100.0,54.5,0,3.4,80.6,3.1,Continuing-generation,Business,1
S01393,69.9,67.2,2,1.2,65.9,53.2,Continuing-generation,STEM,1
S01394,84.9,49.5,0,3.0,86.3,22.7,Continuing-generation,Business,1
S01395,49.9,64.4,2,5.7,81.7,21.8,Continuing-generation,Business,1
S01396,100.0,80.8,0,3.3,82.6,6.3,First-generation,STEM,1
S01397,87.0,47.8,0,5.6,56.9,9.1,Continuing-generation,STEM,1
S01398,75.3,63.1,1,6.4,75.0,7.6,First-generation,Business,1
S01399,86.6,80.3,2,3.4,72.8,34.0,Continuing-generation,Business,1
S01400,56.9,60.1,1,3.9,84.9,1.1,Continuing-generation,Arts,1
S01401,95.7,58.0,0,3.1,93.8,10.6,Continuing-generation,STEM,0
S01402,73.1,82.3,1,5.7,78.7,11.5,Continuing-generation,Arts,0
S01403,74.9,61.7,2,3.0,53.0,7.3,Continuing-generation,STEM,1
S01404,70.6,81.5,1,5.4,77.9,4.2,Continuing-generation,STEM,1
S01405,69.3,72.0,2,4.6,100.0,10.7,First-generation,Business,0
S01406,88.4,61.2,1,0.7,100.0,19.7,Continuing-generation,STEM,1
S01407,81.8,72.7,1,5.6,22.5,12.7,Continuing-generation,STEM,1
S01408,87.8,70.5,0,4.3,77.1,4.2,Continuing-generation,STEM,1
S01409,77.9,80.3,0,8.7,92.8,11.6,Continuing-generation,Arts,1
S01410,85.7,58.3,1,1.4,72.7,39.8,Continuing-generation,Arts,1
S01411,71.7,66.6,0,4.6,67.7,5.8,Continuing-generation,Arts,1
S01412,100.0,65.1,1,2.7,71.2,14.5,First-generation,STEM,0
S01413,54.5,75.9,0,0.7,85.9,16.5,First-generation,Business,1
S01414,96.9,51.6,2,0.5,55.3,2.1,Continuing-generation,Arts,1
S01415,98.5,80.2,1,9.9,97.4,8.7,Continuing-generation,STEM,0
S01416,65.2,72.5,2,4.6,75.0,8.8,Continuing-generation,STEM,0
S01417,100.0,47.6,3,3.3,59.2,12.2,Continuing-generation,STEM,1
S01418,92.9,82.9,0,1.0,96.2,33.0,Continuing-generation,Business,1
S01419,92.6,97.3,1,9.5,,2.9,Continuing-generation,Business,0
S01420,78.4,80.0,2,,66.0,34.7,Continuing-generation,STEM,1
S01421,74.7,86.0,0,4.8,65.7,21.0,Continuing-generation,STEM,0
S01422,74.9,67.2,1,4.2,100.0,54.3,Continuing-generation,Business,1
S01423,83.9,42.7,2,12.4,63.7,77.9,Continuing-generation,Business,0
S01424,99.0,40.2,2,3.8,37.2,2.0,Continuing-generation,STEM,1
S01425,80.7,69.6,0,2.6,65.5,4.6,First-generation,STEM,1
S01426,64.3,57.7,2,4.7,84.2,4.6,Continuing-generation,Arts,1
S01427,90.4,53.2,2,5.0,90.1,20.1,First-generation,Business,1
S01428,91.8,65.1,3,17.9,100.0,9.5,Continuing-generation,Business,0
S01429,87.8,74.6,2,3.8,100.0,5.5,First-generation,Business,1
S01430,89.2,45.7,0,1.4,79.4,0.4,Continuing-generation,Arts,1
S01431,73.9,59.7,0,2.9,60.0,28.1,Continuing-generation,STEM,1
S01432,64.1,87.1,1,4.7,100.0,11.2,Continuing-generation,STEM,1
S01433,65.0,50.9,0,5.3,69.4,5.4,Continuing-generation,STEM,1
S01434,53.5,78.2,0,0.9,,6.2,First-generation,Arts,1
S01435,81.6,59.2,1,2.7,68.5,8.5,First-generation,STEM,1
S01436,76.7,73.6,4,11.9,53.5,4.7,First-generation,STEM,1
S01437,,81.4,1,1.8,67.6,24.5,Continuing-generation,STEM,1
S01438,33.7,76.4,1,6.9,71.8,7.8,Continuing-generation,Business,1
S01439,59.3,78.7,2,3.0,89.2,21.6,First-generation,Business,0
S01440,94.8,49.9,1,3.9,69.0,6.3,Continuing-generation,STEM,1
S01441,68.0,81.6,1,1.0,53.2,14.3,First-generation,STEM,1
S01442,83.4,54.1,1,3.2,47.1,14.3,Continuing-generation,Arts,1
S01443,57.1,69.6,1,4.6,79.8,12.1,Continuing-generation,STEM,1
S01444,99.6,69.6,3,3.8,77.3,35.6,Continuing-generation,Business,1
S01445,75.8,72.8,1,3.4,66.0,38.5,First-generation,STEM,0
S01446,,70.7,1,,67.6,23.4,Continuing-generation,Arts,1
S01447,100.0,54.2,1,1.3,83.0,30.0,Continuing-generation,STEM,1
S01448,100.0,47.1,0,4.8,100.0,22.3,First-generation,Business,1
S01449,73.4,78.2,1,0.5,62.0,,Continuing-generation,STEM,1
S01450,69.1,68.6,1,8.2,77.6,10.3,Continuing-generation,STEM,1
S01451,73.1,82.1,1,3.5,93.2,0.6,Continuing-generation,Business,0
S01452,85.6,65.4,0,6.6,62.0,3.8,Continuing-generation,Business,1
S01453,76.4,46.3,2,0.2,75.7,2.0,Continuing-generation,Arts,1
S01454,72.1,79.5,0,6.0,75.3,5.3,Continuing-generation,Business,0
S01455,100.0,60.8,0,2.1,52.4,15.4,Continuing-generation,Business,1
S01456,76.3,70.8,1,4.0,79.0,6.9,Continuing-generation,Arts,1
S01457,100.0,56.9,0,6.1,76.6,25.5,Continuing-generation,Business,0
S01458,79.4,89.0,1,3.7,86.0,4.0,Continuing-generation,Arts,0
S01459,100.0,53.7,0,5.6,54.6,20.7,Continuing-generation,STEM,1
S01460,83.4,61.3,2,3.1,76.2,3.6,Continuing-generation,STEM,1
S01461,92.4,67.5,1,,100.0,33.6,First-generation,Arts,0
S01462,67.1,50.7,0,3.5,100.0,4.0,First-generation,STEM,1
S01463,65.2,70.6,1,3.5,99.0,18.1,Continuing-generation,STEM,1
S01464,84.9,88.6,2,3.6,54.8,5.5,Continuing-generation,STEM,1
S01465,92.8,59.1,2,3.9,84.1,43.2,First-generation,Business,1
S01466,78.6,71.5,1,1.3,67.3,41.8,Continuing-generation,Business,1
S01467,58.7,27.5,2,1.8,81.1,17.6,Continuing-generation,STEM,1
S01468,57.6,65.5,1,7.3,62.1,17.3,Continuing-generation,STEM,1
S01469,56.6,61.6,1,6.6,45.2,23.9,Continuing-generation,STEM,1
S01470,51.5,,0,6.3,69.8,20.4,Continuing-generation,STEM,1
S01471,79.6,81.1,1,5.2,,26.7,Continuing-generation,STEM,1
S01472,94.9,61.4,0,2.6,81.2,3.9,First-generation,STEM,1
S01473,77.8,63.5,1,,83.3,12.1,Continuing-generation,Arts,1
S01474,44.1,60.7,1,3.8,79.9,6.0,Continuing-generation,Business,1
S01475,75.1,39.2,0,8.0,83.3,41.3,Continuing-generation,STEM,0
S01476,,50.2,2,4.4,85.5,2.6,Continuing-generation,STEM,1
S01477,100.0,79.5,1,1.7,71.1,47.2,Continuing-generation,STEM,1
S01478,56.1,36.5,3,1.1,77.5,12.3,First-generation,STEM,1
S01479,72.1,55.3,2,6.7,100.0,27.1,First-generation,STEM,1
S01480,100.0,60.4,1,9.7,78.6,6.9,First-generation,Arts,1
S01481,84.7,90.4,4,0.8,76.8,2.3,Continuing-generation,Business,0
S01482,86.4,76.8,1,6.9,77.9,40.0,Continuing-generation,Business,1
S01483,79.7,58.2,1,5.2,72.1,19.0,First-generation,STEM,1
S01484,82.9,,0,2.1,68.2,2.9,First-generation,Business,1
S01485,89.7,55.6,3,4.5,79.8,10.8,Continuing-generation,Arts,1
S01486,,80.1,1,1.5,66.9,10.0,First-generation,STEM,1
S01487,91.2,47.0,2,3.3,73.4,18.4,First-generation,Arts,1
S01488,57.4,81.0,0,3.9,61.8,,First-generation,STEM,1
S01489,82.9,60.3,0,8.6,77.9,2.8,Continuing-generation,Business,0
S01490,80.7,51.6,0,3.2,86.5,13.8,Continuing-generation,STEM,1
S01491,68.8,63.0,1,2.3,72.2,4.2,Continuing-generation,Business,1
S01492,77.7,69.9,0,4.9,39.8,41.0,First-generation,STEM,1
S01493,68.7,59.1,0,5.7,86.6,24.9,First-generation,Business,1
S01494,61.9,73.8,0,2.2,78.2,24.3,Continuing-generation,Business,1
S01495,,57.8,1,1.7,58.1,0.6,Continuing-generation,Business,1
S01496,61.4,74.7,1,1.8,89.9,7.2,First-generation,Business,1
S01497,82.8,72.2,0,8.6,,8.9,Continuing-generation,STEM,1
S01498,60.7,65.1,0,,94.8,3.4,Continuing-generation,Business,0
S01499,88.7,59.8,1,3.0,75.0,20.5,Continuing-generation,STEM,1
S01500,60.3,68.1,1,7.7,35.2,18.1,Continuing-generation,Business,1
S01501,69.5,73.7,1,2.2,79.2,23.5,First-generation,STEM,1
S01502,68.6,94.9,1,3.7,68.7,,First-generation,Business,1
S01503,97.9,79.2,0,1.5,66.0,28.3,Continuing-generation,STEM,1
S01504,83.0,79.7,0,7.5,62.7,82.9,Continuing-generation,Arts,1
S01505,74.8,100.0,1,2.0,73.7,11.7,Continuing-generation,Business,1
S01506,85.5,73.2,0,2.1,67.3,9.8,First-generation,STEM,1
S01507,46.4,72.8,1,5.0,42.6,20.2,First-generation,Business,1
S01508,77.4,,2,0.4,98.9,34.0,Continuing-generation,STEM,1
S01509,100.0,51.9,0,1.2,71.6,1.4,Continuing-generation,STEM,1
S01510,80.0,59.8,2,6.2,62.8,4.9,Continuing-generation,STEM,1
S01511,79.0,58.9,3,1.8,55.7,6.4,Continuing-generation,Arts,1
S01512,86.2,75.1,0,14.9,89.9,12.9,Continuing-generation,Arts,0
S01513,91.4,63.6,2,4.3,52.6,,Continuing-generation,Arts,1
S01514,,67.9,0,0.8,78.4,29.9,Continuing-generation,STEM,1
S01515,52.8,81.2,1,10.0,65.5,14.7,First-generation,STEM,1
S01516,81.2,78.1,0,4.3,66.5,10.7,Continuing-generation,Arts,0
S01517,67.3,63.7,1,3.3,56.1,18.3,Continuing-generation,STEM,1
S01518,97.7,56.6,0,4.3,64.8,0.8,Continuing-generation,Business,1
S01519,73.3,81.9,0,0.8,76.2,17.5,Continuing-generation,Arts,1
S01520,,76.8,1,3.7,80.2,4.3,First-generation,STEM,1
S01521,59.0,43.5,3,1.9,61.9,25.6,Continuing-generation,STEM,1
S01522,36.8,61.6,1,3.6,74.4,1.0,Continuing-generation,Arts,1
S01523,74.5,68.3,3,2.7,92.0,19.4,First-generation,Business,1
S01524,75.2,76.9,0,4.2,46.1,4.5,Continuing-generation,Arts,1
S01525,71.6,78.7,1,3.0,75.9,34.5,First-generation,Business,1
S01526,94.2,70.0,1,2.6,58.9,1.6,Continuing-generation,STEM,1
S01527,96.0,74.2,2,1.7,57.1,12.5,Continuing-generation,Arts,1
S01528,75.4,66.9,0,0.8,80.7,22.5,First-generation,Arts,1
S01529,46.0,56.6,1,0.6,66.2,16.6,Continuing-generation,Arts,1
S01530,87.3,62.3,0,1.2,54.1,16.5,Continuing-generation,Business,1
S01531,86.3,66.3,1,5.9,99.8,2.5,Continuing-generation,Business,0
S01532,82.6,65.5,1,1.6,92.6,2.3,Continuing-generation,STEM,1
S01533,92.7,39.6,2,2.2,41.2,15.9,First-generation,STEM,1
S01534,60.5,60.4,1,2.2,49.5,13.7,Continuing-generation,Arts,1
S01535,100.0,66.8,3,2.7,86.7,3.6,Continuing-generation,Arts,1
S01536,63.6,62.1,0,5.2,70.9,3.3,First-generation,Business,1
S01537,89.2,62.5,3,3.0,100.0,,Continuing-generation,Arts,1
S01538,52.7,72.8,1,6.6,87.1,8.1,First-generation,STEM,1
S01539,64.0,50.9,2,1.2,81.4,52.9,First-generation,Arts,1
S01540,100.0,43.2,0,6.2,57.6,36.2,Continuing-generation,Business,1
S01541,74.1,61.1,0,9.2,84.8,24.8,Continuing-generation,Business,1
S01542,90.6,76.7,0,3.7,53.0,39.9,Continuing-generation,Business,0
S01543,81.6,89.6,2,1.5,,5.9,Continuing-generation,Business,0
S01544,76.4,76.9,2,5.3,83.6,7.0,First-generation,Arts,1
S01545,98.5,45.4,1,3.8,,32.1,Continuing-generation,STEM,1
S01546,74.5,62.7,0,4.7,90.5,12.4,First-generation,Arts,0
S01547,51.3,69.6,1,6.8,100.0,13.2,First-generation,STEM,1
S01548,66.0,68.5,0,2.8,72.1,3.0,First-generation,STEM,1
S01549,86.3,73.6,0,,85.9,30.9,First-generation,Business,1
S01550,83.9,53.2,1,,68.2,20.2,Continuing-generation,Arts,1
S01551,54.5,66.9,2,5.3,77.5,9.1,Continuing-generation,Arts,1
S01552,67.1,71.9,3,7.5,48.9,7.0,Continuing-generation,STEM,1
S01553,69.3,77.6,1,6.5,76.0,35.0,Continuing-generation,STEM,1
S01554,72.5,54.7,1,7.6,76.8,6.0,First-generation,Business,0
S01555,57.4,61.2,1,4.8,100.0,1.9,Continuing-generation,Arts,1
S01556,68.6,28.1,0,7.0,43.7,36.7,Continuing-generation,Arts,1
S01557,67.1,57.3,0,2.2,70.9,37.2,Continuing-generation,Arts,1
S01558,89.6,58.7,2,0.8,99.2,6.0,Continuing-generation,Business,1
S01559,90.1,51.7,3,1.8,71.6,60.9,First-generation,Arts,1
S01560,75.8,68.3,1,3.4,72.9,11.1,Continuing-generation,STEM,1
S01561,72.1,65.2,2,3.0,61.0,6.0,Continuing-generation,Arts,1
S01562,80.1,34.4,1,3.8,59.2,19.6,First-generation,Business,1
S01563,65.8,69.0,0,2.1,43.1,2.4,Continuing-generation,STEM,1
S01564,60.8,53.0,0,0.5,64.7,4.1,Continuing-generation,Business,1
S01565,63.9,72.8,0,2.8,58.2,16.0,First-generation,Arts,1
S01566,68.5,48.1,0,1.1,78.1,13.5,Continuing-generation,STEM,1
S01567,60.5,66.4,1,3.7,,27.0,Continuing-generation,STEM,1
S01568,80.4,62.0,1,4.9,67.4,3.0,Continuing-generation,Business,0
S01569,88.9,70.2,0,2.7,67.9,53.2,Continuing-generation,Arts,0
S01570,54.2,67.7,0,1.4,75.1,7.9,Continuing-generation,Business,1
S01571,78.4,62.4,2,3.9,66.5,13.0,First-generation,STEM,1
S01572,74.7,44.5,0,17.4,56.9,7.5,Continuing-generation,Business,1
S01573,83.1,45.3,2,5.3,77.5,2.4,Continuing-generation,STEM,1
S01574,77.8,57.8,0,5.6,95.2,11.7,Continuing-generation,STEM,0
S01575,56.2,65.9,0,2.5,78.3,22.3,Continuing-generation,STEM,1
S01576,59.1,57.5,2,1.9,65.0,10.0,Continuing-generation,Business,1
S01577,78.4,74.8,0,7.6,73.8,4.7,Continuing-generation,STEM,1
S01578,93.4,62.1,2,0.3,39.1,27.7,First-generation,STEM,1
S01579,44.8,52.5,1,2.1,73.5,28.6,First-generation,STEM,1
S01580,83.2,62.1,0,,68.8,9.5,Continuing-generation,Business,0
S01581,95.8,69.2,1,,59.2,16.9,Continuing-generation,STEM,0
S01582,75.7,70.5,2,0.9,62.5,27.6,First-generation,STEM,1
S01583,86.3,92.3,1,5.0,68.6,22.1,Continuing-generation,Business,1
S01584,67.5,56.6,0,2.7,93.9,16.5,Continuing-generation,Arts,1
S01585,76.2,65.0,1,0.7,95.7,21.3,First-generation,Arts,1
S01586,53.7,72.0,1,4.4,59.3,18.0,Continuing-generation,Business,1
S01587,42.8,65.7,0,4.0,66.7,12.4,Continuing-generation,Business,1
S01588,92.1,59.0,1,3.8,67.1,2.9,First-generation,Arts,1
S01589,63.2,44.3,1,5.3,90.6,3.9,First-generation,Business,1
S01590,71.2,58.8,2,1.4,,18.7,Continuing-generation,Business,1
S01591,57.2,51.0,0,4.7,77.7,7.4,Continuing-generation,STEM,1
S01592,56.9,41.8,2,4.2,85.7,18.1,Continuing-generation,STEM,1
S01593,75.4,54.9,2,7.5,65.3,2.8,Continuing-generation,STEM,1
S01594,67.1,51.3,1,2.1,100.0,5.3,Continuing-generation,STEM,1
S01595,,74.2,1,8.4,76.0,10.0,First-generation,Arts,1
S01596,84.8,74.4,1,6.4,60.6,0.3,Continuing-generation,STEM,1
S01597,82.8,53.3,2,3.4,71.9,4.5,First-generation,Business,1
S01598,81.6,62.4,2,3.8,98.2,6.1,Continuing-generation,Arts,1
S01599,100.0,40.0,0,0.3,68.3,14.4,First-generation,Business,1
S01600,62.0,59.1,0,3.7,93.1,9.4,Continuing-generation,STEM,1
S01601,77.2,71.6,0,6.1,64.7,15.1,Continuing-generation,Arts,1
S01602,95.0,77.5,0,3.0,,12.8,Continuing-generation,STEM,0
S01603,97.0,56.0,1,7.5,87.9,9.0,Continuing-generation,STEM,0
S01604,56.7,80.7,1,5.1,60.3,6.2,Continuing-generation,Business,1
S01605,73.3,44.8,0,12.6,90.8,13.2,Continuing-generation,STEM,1
S01606,98.4,,3,2.2,82.3,34.0,First-generation,Arts,1
S01607,85.6,75.9,0,5.7,60.3,6.1,First-generation,STEM,0
S01608,,89.4,1,1.1,74.7,51.5,First-generation,Arts,1
S01609,74.7,72.9,0,3.2,,13.4,First-generation,STEM,1
S01610,,65.4,3,5.3,82.3,25.8,First-generation,Arts,1
S01611,82.3,35.3,1,6.0,100.0,17.1,First-generation,STEM,1
S01612,74.2,37.7,2,2.8,69.3,19.4,Continuing-generation,Arts,1
S01613,77.4,67.8,0,8.0,85.6,4.5,Continuing-generation,STEM,0
S01614,79.2,61.0,5,9.2,76.4,7.4,First-generation,Arts,1
S01615,67.8,50.5,0,2.2,76.4,9.8,Continuing-generation,Arts,1
S01616,86.0,66.9,1,3.3,73.0,21.0,First-generation,Business,0
S01617,100.0,67.6,0,3.1,60.6,9.9,Continuing-generation,STEM,1
S01618,51.3,79.2,1,2.5,82.0,27.0,Continuing-generation,Business,1
S01619,82.9,67.9,2,8.8,70.8,8.1,First-generation,Business,0
S01620,66.6,83.2,1,8.7,59.7,5.7,First-generation,Business,0
S01621,86.7,66.1,0,3.1,94.3,7.0,Continuing-generation,Business,0
S01622,78.7,64.4,0,5.7,77.8,22.8,Continuing-generation,Arts,1
S01623,89.4,80.9,0,7.4,71.9,43.1,Continuing-generation,Arts,1
S01624,95.6,52.3,0,4.4,100.0,55.6,First-generation,Business,0
S01625,80.9,100.0,0,3.0,43.0,20.8,First-generation,STEM,0
S01626,95.0,71.3,0,2.1,98.9,26.0,First-generation,STEM,1
S01627,42.8,71.3,0,6.1,60.2,1.9,Continuing-generation,Business,1
S01628,100.0,73.4,1,1.2,79.8,2.7,First-generation,Arts,1
S01629,,92.3,0,3.0,65.4,4.7,First-generation,Business,1
S01630,,77.1,1,2.6,59.4,35.7,Continuing-generation,STEM,1
S01631,59.7,43.5,1,1.2,99.6,35.3,Continuing-generation,STEM,1
S01632,65.5,85.6,1,3.5,100.0,65.3,First-generation,STEM,0
S01633,80.2,61.2,2,3.2,72.0,4.6,Continuing-generation,Arts,1
S01634,77.7,67.5,0,1.7,,11.0,Continuing-generation,Business,1
S01635,82.2,48.1,0,8.6,77.0,1.3,Continuing-generation,STEM,1
S01636,94.3,73.4,1,6.1,100.0,2.2,First-generation,STEM,1
S01637,51.5,56.9,0,3.8,38.0,9.0,Continuing-generation,STEM,1
S01638,92.6,67.4,1,6.8,82.8,4.8,First-generation,Business,0
S01639,78.1,62.0,0,7.8,62.9,4.9,Continuing-generation,Business,1
S01640,74.9,93.0,1,8.8,33.6,6.4,Continuing-generation,STEM,0
S01641,55.9,93.8,3,2.2,69.5,39.0,Continuing-generation,STEM,1
S01642,85.5,66.7,0,6.8,100.0,30.2,Continuing-generation,Arts,1
S01643,41.8,66.9,2,3.3,64.2,3.9,Continuing-generation,Arts,1
S01644,87.7,60.8,0,4.3,90.2,29.5,First-generation,Business,1
S01645,55.6,81.5,0,2.3,97.6,5.3,First-generation,Business,0
S01646,78.8,61.4,0,3.7,75.8,1.8,First-generation,Arts,1
S01647,76.2,60.1,0,6.8,78.2,,Continuing-generation,Business,1
S01648,95.5,79.7,0,10.3,,15.7,First-generation,Arts,1
S01649,75.3,58.5,1,3.4,63.1,4.4,Continuing-generation,STEM,1
S01650,67.6,65.5,2,1.8,92.3,20.5,Continuing-generation,STEM,1
S01651,70.4,43.9,1,11.3,,6.7,Continuing-generation,STEM,1
S01652,97.1,75.9,0,2.1,82.6,16.8,Continuing-generation,Arts,1
S01653,86.0,93.2,2,0.8,78.4,3.8,Continuing-generation,Business,1
S01654,72.2,76.1,2,2.4,100.0,12.1,Continuing-generation,STEM,0
S01655,74.5,86.5,2,0.4,68.3,4.6,Continuing-generation,Arts,1
S01656,54.5,54.2,3,7.6,100.0,9.3,Continuing-generation,Arts,1
S01657,83.8,69.3,1,2.0,78.4,52.1,First-generation,STEM,1
S01658,,52.8,2,1.4,100.0,7.7,First-generation,Business,1
S01659,,62.8,1,4.1,54.0,2.6,Continuing-generation,Business,1
S01660,79.9,76.8,0,10.3,79.3,12.8,Continuing-generation,STEM,0
S01661,100.0,67.4,0,5.2,68.9,13.0,Continuing-generation,Business,0
S01662,61.5,46.2,0,1.2,78.5,12.9,Continuing-generation,STEM,1
S01663,76.5,47.6,1,13.8,98.0,19.4,Continuing-generation,Arts,0
S01664,100.0,46.7,1,4.8,82.8,7.3,Continuing-generation,Arts,1
S01665,95.9,72.9,2,7.1,98.0,21.1,Continuing-generation,Arts,1
S01666,67.6,94.9,3,1.0,63.9,11.6,Continuing-generation,Arts,1
S01667,81.4,85.1,0,,61.2,2.4,First-generation,STEM,0
S01668,78.0,39.5,0,2.8,76.3,23.7,First-generation,STEM,1
S01669,82.2,85.9,1,0.9,75.3,14.0,First-generation,Business,1
S01670,67.5,79.1,1,4.4,,20.2,Continuing-generation,STEM,1
S01671,76.7,44.4,1,7.1,58.7,2.9,Continuing-generation,Business,1
S01672,54.0,61.8,3,5.7,97.6,,Continuing-generation,STEM,1
S01673,,81.3,2,,69.5,62.8,Continuing-generation,STEM,1
S01674,84.8,73.7,2,5.4,100.0,2.6,First-generation,Business,1
S01675,74.6,47.7,0,4.1,76.2,27.9,Continuing-generation,Business,1
S01676,53.8,74.6,1,1.0,87.7,14.1,Continuing-generation,Business,1
S01677,,36.1,1,3.2,86.0,11.7,Continuing-generation,Business,1
S01678,83.5,62.9,0,2.9,61.2,25.2,First-generation,Business,1
S01679,67.1,81.9,1,8.9,82.6,22.9,First-generation,Arts,1
S01680,73.8,66.3,0,7.6,100.0,33.7,Continuing-generation,Business,1
S01681,55.5,59.0,1,2.6,,3.0,Continuing-generation,Business,1
S01682,62.6,78.5,0,6.4,92.2,34.8,Continuing-generation,Business,0
S01683,69.9,79.6,1,3.6,88.5,16.6,Continuing-generation,Business,1
S01684,96.4,84.3,1,0.8,81.5,1.4,First-generation,STEM,1
S01685,,78.2,0,0.3,79.4,7.8,First-generation,Business,1
S01686,87.6,81.1,2,5.9,85.9,,Continuing-generation,STEM,0
S01687,69.9,76.3,1,1.6,89.7,7.6,First-generation,Arts,1
S01688,81.7,69.7,4,1.6,51.7,10.4,Continuing-generation,Arts,1
S01689,75.9,67.3,1,2.2,80.5,6.5,First-generation,Business,1
S01690,91.1,62.7,2,5.9,72.7,88.3,First-generation,Arts,1
S01691,70.0,49.0,0,7.7,69.0,21.4,Continuing-generation,Business,1
S01692,54.4,52.6,0,7.5,99.3,12.8,First-generation,STEM,1
S01693,57.3,62.1,0,0.7,62.8,3.7,Continuing-generation,Business,1
S01694,70.0,69.4,0,2.1,50.9,33.8,First-generation,Arts,1
S01695,59.3,86.2,3,1.8,90.3,19.1,First-generation,STEM,1
S01696,84.2,65.4,1,5.9,50.4,4.2,First-generation,STEM,1
S01697,71.0,80.0,4,2.1,41.3,4.2,First-generation,Business,1
S01698,100.0,81.1,2,3.4,92.3,10.6,First-generation,STEM,0
S01699,51.9,62.8,1,6.3,78.9,12.9,Continuing-generation,Business,1
S01700,81.1,74.3,0,3.9,84.5,21.0,Continuing-generation,Business,1
S01701,61.1,62.6,1,4.7,68.0,11.3,First-generation,Arts,1
S01702,70.6,84.5,1,3.3,51.1,22.5,First-generation,STEM,1
S01703,80.1,74.9,1,7.1,54.7,7.6,First-generation,Business,1
S01704,43.1,49.3,2,7.6,71.1,11.4,Continuing-generation,Arts,1
S01705,81.6,68.3,0,5.4,53.1,34.8,First-generation,STEM,1
S01706,100.0,89.1,3,7.6,81.5,23.4,First-generation,Business,0
S01707,71.2,63.5,1,16.7,67.7,12.0,Continuing-generation,STEM,1
S01708,81.9,72.3,1,6.2,79.3,16.1,Continuing-generation,STEM,0
S01709,93.4,73.6,0,3.7,78.8,11.4,Continuing-generation,Business,1
S01710,75.5,51.5,2,4.8,83.0,2.2,First-generation,STEM,1
S01711,69.3,73.1,0,8.1,85.0,44.6,Continuing-generation,Business,1
S01712,43.9,46.5,0,2.8,69.8,4.6,First-generation,Business,0
S01713,87.6,57.2,0,,79.3,8.2,Continuing-generation,Arts,1
S01714,76.3,81.1,0,4.8,80.2,77.3,Continuing-generation,Arts,1
S01715,62.8,71.0,1,3.6,32.3,3.5,First-generation,STEM,1
S01716,79.9,61.7,4,1.8,87.6,10.8,Continuing-generation,STEM,1
S01717,69.2,72.3,0,4.3,78.7,36.7,Continuing-generation,Arts,1
S01718,70.1,65.2,0,9.2,86.2,52.3,Continuing-generation,STEM,1
S01719,,66.2,2,5.2,52.8,18.8,First-generation,STEM,1
S01720,57.9,75.2,0,1.5,70.3,34.1,First-generation,STEM,1
S01721,93.7,55.8,1,5.8,56.4,,First-generation,Business,1
S01722,57.0,66.6,1,3.1,89.4,31.6,Continuing-generation,STEM,1
S01723,68.1,61.6,1,13.3,50.7,11.8,First-generation,STEM,1
S01724,100.0,43.8,0,5.5,59.3,8.6,First-generation,Business,0
S01725,94.9,53.1,1,2.4,85.6,7.8,Continuing-generation,Arts,1
S01726,79.5,88.0,0,6.1,64.7,22.2,Continuing-generation,STEM,1
S01727,63.9,71.4,1,4.5,59.3,21.9,Continuing-generation,Business,1
S01728,70.1,47.5,0,8.7,92.3,12.1,Continuing-generation,Business,1
S01729,79.1,44.4,0,2.6,93.1,18.1,Continuing-generation,STEM,1
S01730,78.6,64.4,0,,89.0,3.4,Continuing-generation,STEM,0
S01731,76.6,87.9,0,1.0,91.3,9.9,First-generation,STEM,1
S01732,77.5,63.4,1,4.1,71.8,3.6,First-generation,STEM,0
S01733,,,2,1.5,72.3,3.5,Continuing-generation,Arts,1
S01734,56.4,70.9,2,4.4,64.3,16.5,First-generation,STEM,0
S01735,70.3,72.6,0,5.1,79.0,12.7,Continuing-generation,Arts,1
S01736,,47.3,2,5.4,66.5,7.6,Continuing-generation,STEM,1
S01737,57.5,79.1,0,2.6,68.2,9.4,First-generation,STEM,1
S01738,75.2,61.3,1,4.2,86.8,17.8,Continuing-generation,Business,1
S01739,65.7,78.1,4,8.0,97.3,22.6,Continuing-generation,Arts,1
S01740,79.7,54.6,2,11.0,83.2,19.5,Continuing-generation,STEM,1
S01741,72.2,68.5,0,4.3,100.0,1.3,Continuing-generation,STEM,1
S01742,100.0,70.9,0,8.1,63.3,0.3,First-generation,Business,0
S01743,,63.8,0,1.9,42.9,5.1,First-generation,STEM,1
S01744,58.3,71.7,1,2.9,88.9,40.6,First-generation,Business,1
S01745,88.1,62.3,3,4.7,,9.1,Continuing-generation,Arts,1
S01746,66.4,56.9,1,3.6,71.1,2.4,First-generation,STEM,1
S01747,69.3,,0,3.4,44.1,9.0,Continuing-generation,Arts,1
S01748,82.7,80.7,0,7.6,59.8,0.8,First-generation,STEM,0
S01749,70.6,55.3,0,1.7,49.0,2.5,Continuing-generation,Arts,1
S01750,91.4,74.0,0,1.8,68.2,8.3,Continuing-generation,Arts,1
S01751,66.4,55.6,1,1.3,68.9,6.9,First-generation,Business,1
S01752,68.7,49.4,0,4.8,77.6,8.2,Continuing-generation,Arts,0
S01753,68.2,80.5,0,3.1,98.3,18.3,Continuing-generation,Arts,0
S01754,69.5,42.1,1,7.1,88.2,27.5,Continuing-generation,STEM,1
S01755,94.5,79.0,0,4.5,46.8,13.5,Continuing-generation,STEM,1
S01756,87.4,62.5,0,2.5,86.9,28.7,Continuing-generation,STEM,1
S01757,,,3,2.2,78.0,7.1,Continuing-generation,Business,1
S01758,100.0,71.7,2,0.3,74.2,32.0,Continuing-generation,Business,1
S01759,62.5,74.1,1,3.5,75.6,13.7,First-generation,Business,1
S01760,79.1,54.4,1,,79.7,25.5,Continuing-generation,Business,1
S01761,60.4,76.0,0,7.7,63.5,7.2,First-generation,Business,1
S01762,66.3,67.6,2,3.0,72.7,13.1,Continuing-generation,STEM,1
S01763,68.5,48.4,1,1.1,97.3,57.7,First-generation,STEM,1
S01764,62.1,63.6,2,8.7,63.3,13.0,Continuing-generation,Arts,1
S01765,62.2,85.3,1,3.5,57.5,27.3,First-generation,STEM,1
S01766,75.8,89.5,0,5.8,74.9,30.1,Continuing-generation,STEM,0
S01767,59.7,76.0,1,2.6,55.6,20.9,First-generation,STEM,1
S01768,90.6,49.3,1,8.9,45.0,24.2,First-generation,Arts,1
S01769,64.2,72.9,0,2.0,,7.2,First-generation,STEM,1
S01770,100.0,77.9,1,3.1,100.0,4.9,Continuing-generation,Business,0
S01771,71.2,76.2,1,0.8,75.3,3.7,First-generation,STEM,1
S01772,79.1,77.0,1,8.8,79.2,17.6,First-generation,STEM,0
S01773,58.6,71.1,2,2.3,37.7,12.7,First-generation,Business,1
S01774,,65.0,2,4.8,83.9,16.5,First-generation,Business,1
S01775,94.8,57.5,3,5.3,,3.0,Continuing-generation,Business,1
S01776,82.5,39.4,4,7.9,64.0,5.8,Continuing-generation,STEM,1
S01777,57.8,,0,4.6,79.2,26.6,Continuing-generation,Arts,1
S01778,81.2,68.6,1,3.7,79.1,14.6,Continuing-generation,Business,1
S01779,61.2,73.8,3,7.3,56.9,13.8,Continuing-generation,Arts,1
S01780,99.9,,1,5.3,82.0,,Continuing-generation,STEM,1
S01781,90.1,75.0,1,3.3,97.5,5.3,First-generation,STEM,1
S01782,79.4,94.8,1,,71.9,32.8,Continuing-generation,STEM,1
S01783,41.5,67.1,2,5.5,60.4,37.3,Continuing-generation,Arts,1
S01784,63.2,65.1,0,1.4,72.8,13.2,First-generation,Business,1
S01785,88.3,70.3,0,10.1,91.4,10.8,Continuing-generation,Business,0
S01786,96.2,94.5,2,2.5,53.9,,First-generation,STEM,1
S01787,94.6,,0,7.8,86.4,6.0,Continuing-generation,STEM,0
S01788,54.1,68.8,1,1.1,63.8,7.8,Continuing-generation,STEM,1
S01789,82.5,54.8,0,7.3,80.4,25.6,First-generation,Arts,1
S01790,93.2,58.3,0,1.4,65.8,7.6,First-generation,STEM,0
S01791,53.1,65.3,1,4.5,65.8,12.5,Continuing-generation,STEM,1
S01792,77.9,84.9,0,5.4,100.0,0.5,First-generation,STEM,1
S01793,82.1,91.2,0,3.3,50.6,38.0,Continuing-generation,STEM,1
S01794,73.5,72.3,1,4.0,84.7,23.8,First-generation,Arts,1
S01795,50.2,60.7,0,1.7,100.0,31.0,First-generation,STEM,1
S01796,73.1,100.0,1,6.8,88.3,4.4,Continuing-generation,Arts,1
S01797,73.1,60.0,2,4.7,52.0,44.7,Continuing-generation,Business,1
S01798,75.8,58.0,3,2.0,52.9,,Continuing-generation,Business,1
S01799,69.5,41.2,0,4.8,62.5,33.2,Continuing-generation,Business,1
S01800,71.4,85.5,0,,78.8,17.1,First-generation,Business,1
